track_uri,track_name,track_pop,track_genre,artist_name,artist_pop,artist_followers,artist_genres,album,danceability,energy,key,mode,loudness,speechiness,acousticness,instrumentalness,liveness,valence,tempo,duration_ms,time_signature,artist_uri,album_uri
2tshfSpT1vLHlMZ88btPOj,Wanting and Waiting,53,hard-rock,The Black Crowes,59,752243,"['album rock', 'blues rock', 'classic rock', 'electric blues', 'hard rock', 'heartland rock', 'jam band', 'rock', 'southern rock']",Wanting and Waiting,0.493,0.921,7,1,-3.063,0.0333,0.000118,0.000179,0.159,0.449,117.531,255560,4,5krkohEVJYw0qoB5VWwxaC,spotify:album:7nNsP5Tgq1bsQDXBOXVzhw
4OiL5M05HmrnBk1AOdHNe0,Wanting and Waiting,52,hard-rock,The Black Crowes,59,752243,"['album rock', 'blues rock', 'classic rock', 'electric blues', 'hard rock', 'heartland rock', 'jam band', 'rock', 'southern rock']",Happiness Bastards,0.493,0.921,7,1,-3.063,0.0333,0.000118,0.000179,0.159,0.449,117.531,255560,4,5krkohEVJYw0qoB5VWwxaC,spotify:album:2P9mQHy3lFG8OhPKqg3XeX
4CfSXCf9plsLsarC2iLsIH,Rats and Clowns,52,hard-rock,The Black Crowes,59,752243,"['album rock', 'blues rock', 'classic rock', 'electric blues', 'hard rock', 'heartland rock', 'jam band', 'rock', 'southern rock']",Happiness Bastards,0.453,0.929,2,1,-3.339,0.0439,0.000421,0.0114,0.18,0.45,138.658,213640,4,5krkohEVJYw0qoB5VWwxaC,spotify:album:2P9mQHy3lFG8OhPKqg3XeX
1qX3Aw57OCHcrEoB35nDfr,The Serpent and the King,58,hard-rock,Judas Priest,65,3991906,"['album rock', 'alternative metal', 'birmingham metal', 'glam metal', 'hard rock', 'metal', 'rock']",Invincible Shield (Deluxe Edition),0.571,0.967,10,0,-5.033,0.103,7.76e-05,0.613,0.11,0.442,110.004,259748,4,2tRsMl4eGxwoNabM08Dm4I,spotify:album:0SgF4c7VeFBoATEdpTvgG8
2n09w41gAdEsJFp6bD0sBT,The Serpent and the King,47,hard-rock,Judas Priest,65,3991906,"['album rock', 'alternative metal', 'birmingham metal', 'glam metal', 'hard rock', 'metal', 'rock']",The Serpent and the King,0.571,0.967,10,0,-5.033,0.103,7.76e-05,0.613,0.11,0.442,110.004,259748,4,2tRsMl4eGxwoNabM08Dm4I,spotify:album:53T5pDi25DmqJiQgHdinBq
7tC8T9inuQMWNYpSb7QeWe,Blue Jeans & White T-Shirts,48,hard-rock,The Gaslight Anthem,52,344494,"['heartland rock', 'new jersey hardcore', 'new jersey indie', 'new jersey punk']",History Books - Short Stories,0.545,0.494,5,1,-8.139,0.025,0.266,3.4e-05,0.0971,0.141,88.928,217794,4,7If8DXZN7mlGdQkLE2FaMo,spotify:album:4VY9t7aej2aVG6LtmPE1IE
2ym5kfNQsTXpmcbGYNnr1k,The World And His Dog - 2024 Remaster,17,hard-rock,UFO,51,564494,"['album rock', 'glam metal', 'hard rock', 'metal', 'progressive rock']",Covenant + Sharks,0.387,0.85,9,0,-5.737,0.0515,0.000516,0.000521,0.12,0.318,78.148,215080,4,2Omy3P5hFZym7FKum1JA1s,spotify:album:1GXcOZVvAxXlXTMZ0JkYGs
40I7aVmN2eeCYoC1BAQK8Z,"Hell, Fire And Damnation",44,hard-rock,Saxon,48,583002,"['glam metal', 'hard rock', 'metal', 'nwobhm', 'power metal']","Hell, Fire And Damnation",0.403,0.932,4,0,-6.674,0.07,0.00031,4.37e-05,0.276,0.286,174.127,332787,4,71vVmHeNgCVSa5SVmfvscU,spotify:album:4DcQ33Fg2ZYJSkhoehGI21
5XVlQGOkvrCGeirg8eANAr,Crown of Horns,42,hard-rock,Judas Priest,65,3991906,"['album rock', 'alternative metal', 'birmingham metal', 'glam metal', 'hard rock', 'metal', 'rock']",The Serpent and the King,0.54,0.909,10,0,-5.748,0.0364,0.000588,1.07e-05,0.599,0.495,120.035,345761,4,2tRsMl4eGxwoNabM08Dm4I,spotify:album:53T5pDi25DmqJiQgHdinBq
4nmfLPnPf36PXkFxL14CzU,Wanting and Waiting,31,hard-rock,The Black Crowes,59,752243,"['album rock', 'blues rock', 'classic rock', 'electric blues', 'hard rock', 'heartland rock', 'jam band', 'rock', 'southern rock']",Cross Your Fingers,0.493,0.921,7,1,-3.063,0.0333,0.000118,0.000179,0.159,0.449,117.531,255560,4,5krkohEVJYw0qoB5VWwxaC,spotify:album:6uHfrz1awx019bmQvuqcax
0QbLqlJWbR9IMJxfjZvHwj,Fire And Steel,40,hard-rock,Saxon,48,583002,"['glam metal', 'hard rock', 'metal', 'nwobhm', 'power metal']","Hell, Fire And Damnation",0.463,0.944,10,0,-5.46,0.116,1.55e-05,0.0021,0.043,0.35,140.104,217053,4,71vVmHeNgCVSa5SVmfvscU,spotify:album:4DcQ33Fg2ZYJSkhoehGI21
6tPQsPJaWj9PXSQhRG4cJQ,The Ex and the Why,23,hard-rock,Project 86,33,53369,"['christian alternative rock', 'christian hard rock', 'christian hardcore', 'christian metal', 'christian rock']","OMNI, Pt. 2",0.366,0.968,8,1,-3.734,0.0931,0.00019,0.311,0.345,0.265,160.064,209560,4,7toVzxZQU21OjB5PqXNvTF,spotify:album:1LP2eBVvBvF2IDtZPEwZCV
2tIJgO3jcpoU1vVE6jJAyT,Snake Oil,39,hard-rock,Tyler Bryant & the Shakedown,36,92300,"['modern blues rock', 'modern hard rock']",Snake Oil,0.548,0.908,0,1,-5.701,0.0332,0.000194,2.84e-05,0.266,0.321,125.922,237373,4,3Ig1cmnFAUxpTEYVjTRkLo,spotify:album:60dE4Bn5vZGZIpFGxsufOY
04whr72fwhUg3gSezpgQ9N,Trial By Fire,37,hard-rock,Judas Priest,65,3991906,"['album rock', 'alternative metal', 'birmingham metal', 'glam metal', 'hard rock', 'metal', 'rock']",The Serpent and the King,0.414,0.896,10,0,-6.45,0.0491,0.000256,0.0031,0.218,0.396,165.063,261014,3,2tRsMl4eGxwoNabM08Dm4I,spotify:album:53T5pDi25DmqJiQgHdinBq
4rqKWlcBs15b80g5jJmxXN,Panic Attack,37,hard-rock,Judas Priest,65,3991906,"['album rock', 'alternative metal', 'birmingham metal', 'glam metal', 'hard rock', 'metal', 'rock']",The Serpent and the King,0.523,0.949,10,0,-5.452,0.0994,0.000108,0.253,0.37,0.299,95.002,325988,4,2tRsMl4eGxwoNabM08Dm4I,spotify:album:53T5pDi25DmqJiQgHdinBq
4TPjkOcTrlsWXZ5ujUUFs8,Kubla Khan And The Merchant Of Venice,38,hard-rock,Saxon,48,583002,"['glam metal', 'hard rock', 'metal', 'nwobhm', 'power metal']","Hell, Fire And Damnation",0.521,0.967,11,1,-5.874,0.106,0.00016,0.00997,0.254,0.221,114.986,255920,4,71vVmHeNgCVSa5SVmfvscU,spotify:album:4DcQ33Fg2ZYJSkhoehGI21
5V0iMZnsYBkI6Bi4MC7DUz,Madame Guillotine,44,hard-rock,Saxon,48,583002,"['glam metal', 'hard rock', 'metal', 'nwobhm', 'power metal']","Hell, Fire And Damnation",0.532,0.72,3,0,-6.453,0.0343,0.00298,4.62e-05,0.105,0.455,124.975,324827,4,71vVmHeNgCVSa5SVmfvscU,spotify:album:4DcQ33Fg2ZYJSkhoehGI21
1MQd4O5olvzg3wKOd2KFkb,Sword And Stone,29,hard-rock,Crazy Lixx,33,55237,"['glam metal', 'new wave of glam metal', 'sleaze rock', 'swedish hard rock', 'swedish melodic rock']",Two Shots At Glory,0.463,0.931,11,1,-6.627,0.0435,0.000311,0.0,0.119,0.54,102.987,247689,4,24k1UCsJJHHU9ohk7YIvzC,spotify:album:0ZdS920XNjpw0DyO467QsK
100wmMnxZa2OqXzhtPoFWq,There's Something In Roswell,43,hard-rock,Saxon,48,583002,"['glam metal', 'hard rock', 'metal', 'nwobhm', 'power metal']","Hell, Fire And Damnation",0.57,0.95,1,1,-6.202,0.0473,0.000483,3.73e-06,0.153,0.474,128.064,249853,4,71vVmHeNgCVSa5SVmfvscU,spotify:album:4DcQ33Fg2ZYJSkhoehGI21
1kMx1h2Fjxo4CJV0Uc5PX9,On And On - 2024 Remaster,21,hard-rock,Michael Schenker Group,40,204730,"['german hard rock', 'glam metal', 'hard rock', 'metal']",Is It Loud Enough? Michael Schenker Group: 1980-1983,0.342,0.871,5,0,-7.3,0.086,0.0782,0.0826,0.785,0.235,138.803,282933,4,5uSY4FF3dZMCVSkZslKCHi,spotify:album:7BT6ZNuvnzV0jiPYVtB2b8
7w8FKhO2dwcaBPDMXYbeoU,Armed And Ready - 2024 Remaster,23,hard-rock,Michael Schenker Group,40,204730,"['german hard rock', 'glam metal', 'hard rock', 'metal']",Is It Loud Enough? Michael Schenker Group: 1980-1983,0.313,0.987,9,1,-4.862,0.133,0.126,1.98e-05,0.115,0.523,171.596,249040,4,5uSY4FF3dZMCVSkZslKCHi,spotify:album:7BT6ZNuvnzV0jiPYVtB2b8
0HBWWM8w2WSCgMBL1EgV7e,1066,38,hard-rock,Saxon,48,583002,"['glam metal', 'hard rock', 'metal', 'nwobhm', 'power metal']","Hell, Fire And Damnation",0.419,0.931,8,0,-6.29,0.0601,0.000902,0.000462,0.374,0.281,68.525,243600,4,71vVmHeNgCVSa5SVmfvscU,spotify:album:4DcQ33Fg2ZYJSkhoehGI21
1bSbplgqPzPFp8oqeLa5be,The Prophecy,38,hard-rock,Saxon,48,583002,"['glam metal', 'hard rock', 'metal', 'nwobhm', 'power metal']","Hell, Fire And Damnation",0.256,0.5,7,0,-14.067,0.0627,0.458,0.593,0.243,0.0875,69.991,84307,3,71vVmHeNgCVSa5SVmfvscU,spotify:album:4DcQ33Fg2ZYJSkhoehGI21
1IhGnxcltHCMV8TLPkbCRE,Missy Miss,23,hard-rock,Beware Of Darkness,31,29866,['modern hard rock'],Sketches And Meditations,0.294,0.678,7,1,-15.879,0.0586,0.00184,0.00265,0.134,0.646,170.904,193963,4,4DGNqGOtNY9niSpCKwINyU,spotify:album:4g2EohTBCZGxaI753rra0K
0zvwumA6RvkPU6Uj9pd2UO,The Ex and the Why - Instrumental,13,hard-rock,Project 86,33,53369,"['christian alternative rock', 'christian hard rock', 'christian hardcore', 'christian metal', 'christian rock']","OMNI, Pt. 2 (Instrumental)",0.409,0.943,8,1,-4.207,0.0846,3.76e-05,0.832,0.359,0.251,160.1,209568,4,7toVzxZQU21OjB5PqXNvTF,spotify:album:0ggISZ1joOEsPYS1wpQn5v
3UHMMfv5QEJDJXzQWGR7Va,Pirates Of The Airwaves,37,hard-rock,Saxon,48,583002,"['glam metal', 'hard rock', 'metal', 'nwobhm', 'power metal']","Hell, Fire And Damnation",0.58,0.915,8,0,-6.583,0.0417,0.000324,2.65e-05,0.402,0.539,125.027,236427,4,71vVmHeNgCVSa5SVmfvscU,spotify:album:4DcQ33Fg2ZYJSkhoehGI21
3rWRuTM6zLWomVMCgITCTY,Highway Star - 2024 Remix,34,hard-rock,Deep Purple,63,5406693,"['album rock', 'classic rock', 'hard rock', 'metal', 'rock']",Machine Head (Super Deluxe),0.26,0.874,2,0,-8.083,0.0661,0.00531,0.0138,0.0969,0.384,173.953,370333,4,568ZhdwyaiCyOGJRtNYhWf,spotify:album:4ufVNYBWywTd6RJdYCtzE3
2RfF18Pm4XnGvOztLQv2VJ,When Thunder And Lightning Strikes,28,hard-rock,The Treatment,24,16451,"['deep melodic hard rock', 'modern hard rock', 'nwocr', 'sleaze rock']",When Thunder And Lightning Strikes,0.519,0.965,4,0,-3.112,0.0444,0.0704,0.00848,0.084,0.541,90.024,254053,4,7HbPuR5r7inxY7xExMdkUq,spotify:album:1YVCiihZ6XsYzBlxTDuozG
1lpck0pGzj0WGrGqyifXC8,Been Said And Done,21,hard-rock,Revolution Saints,28,27807,"['melodic hard rock', 'modern hard rock', 'nightrun', 'supergroup']",Against The Winds,0.376,0.932,0,1,-7.035,0.0507,0.0156,0.0,0.324,0.567,165.98,188753,4,6tq1dv7rzt2khH82JuCWhg,spotify:album:2irdDxa8NlHNVGiVmAep9q
4PHAZWgcLbf1RqiwGjC43B,Super Charger,35,hard-rock,Saxon,48,583002,"['glam metal', 'hard rock', 'metal', 'nwobhm', 'power metal']","Hell, Fire And Damnation",0.492,0.964,1,1,-5.687,0.0774,3.54e-05,0.0159,0.341,0.331,94.977,287773,4,71vVmHeNgCVSa5SVmfvscU,spotify:album:4DcQ33Fg2ZYJSkhoehGI21
2YYDaYp2onO5H6sXiQujCr,Witches Of Salem,36,hard-rock,Saxon,48,583002,"['glam metal', 'hard rock', 'metal', 'nwobhm', 'power metal']","Hell, Fire And Damnation",0.504,0.94,11,1,-6.339,0.0544,0.000528,8.96e-06,0.357,0.407,135.023,311320,3,71vVmHeNgCVSa5SVmfvscU,spotify:album:4DcQ33Fg2ZYJSkhoehGI21
4X4BUmcKz5nY0YIvMatfx6,What Are We Going To Do While We're Here,31,hard-rock,Hawkwind,37,120871,"['canterbury scene', 'hard rock', 'proto-metal', 'protopunk', 'psychedelic rock', 'space rock']",Stories From Time And Space,0.0915,0.757,4,0,-10.582,0.0645,0.000247,0.855,0.14,0.118,183.86,424773,4,2jK54ZlZhTF1TxygsVeR05,spotify:album:5Iu6IjH9ODoCrrSuNyerKu
2FrOGTKHNFzDHjDkHyhew8,Traveller Of Time & Space,25,hard-rock,Hawkwind,37,120871,"['canterbury scene', 'hard rock', 'proto-metal', 'protopunk', 'psychedelic rock', 'space rock']",Stories From Time And Space,0.376,0.606,0,1,-10.873,0.0288,0.162,0.91,0.148,0.385,86.918,447147,4,2jK54ZlZhTF1TxygsVeR05,spotify:album:5Iu6IjH9ODoCrrSuNyerKu
4aqnUT1vy8Q0jdmCFRIFOK,The Starship (One Love One Life),30,hard-rock,Hawkwind,37,120871,"['canterbury scene', 'hard rock', 'proto-metal', 'protopunk', 'psychedelic rock', 'space rock']",Stories From Time And Space,0.475,0.898,4,0,-8.724,0.0459,0.000151,0.861,0.291,0.551,119.987,460240,4,2jK54ZlZhTF1TxygsVeR05,spotify:album:5Iu6IjH9ODoCrrSuNyerKu
40QcBmbWXLJ7xvaNoL2HVE,"Rip And Tear - Live At The Orpheum Theatre, Boston, 1989",10,hard-rock,L.A. Guns,43,431025,"['glam metal', 'hard rock', 'sleaze rock']",Live At The Orpheum Theatre,0.251,0.921,6,0,-6.291,0.0745,1.17e-05,0.0443,0.935,0.517,76.068,253824,4,22TEmHXBBLjTec2LOAuMdS,spotify:album:39Tuo0UYfNCiN9xD7Nhxl9
4zwnDevBLdYnJTdmzjvAHj,Raging Bull,6,hard-rock,Beware Of Darkness,31,29866,['modern hard rock'],Sketches And Meditations,0.51,0.637,0,0,-7.993,0.0394,0.0167,0.0,0.202,0.27,154.782,234632,4,4DGNqGOtNY9niSpCKwINyU,spotify:album:4g2EohTBCZGxaI753rra0K
2FndDSs0LLJZ9EgcE4c7Ts,Walls,6,hard-rock,Beware Of Darkness,31,29866,['modern hard rock'],Sketches And Meditations,0.491,0.502,8,1,-10.544,0.0319,0.089,0.0,0.21,0.463,135.875,180480,4,4DGNqGOtNY9niSpCKwINyU,spotify:album:4g2EohTBCZGxaI753rra0K
2F7pTjREkznrcVn3g7amHG,Our Lives Can't Last Forever,30,hard-rock,Hawkwind,37,120871,"['canterbury scene', 'hard rock', 'proto-metal', 'protopunk', 'psychedelic rock', 'space rock']",Stories From Time And Space,0.504,0.536,7,1,-10.339,0.0252,0.36,0.333,0.13,0.0603,94.991,337533,4,2jK54ZlZhTF1TxygsVeR05,spotify:album:5Iu6IjH9ODoCrrSuNyerKu
6A2m70XG9FCKgVnQdsutwg,"Sex and Death (Live at Sala Aqualung, Madrid, 1st June 1995)",27,hard-rock,Motörhead,62,3940663,"['alternative metal', 'hard rock', 'metal', 'rock', 'speed metal']",The Löst Tapes - The Collection (Vol. 1-5),0.258,0.988,9,1,-5.828,0.109,0.00655,0.00106,0.533,0.126,113.792,121067,4,1DFr97A9HnbV3SKTJFu62M,spotify:album:4HxP17nKQuzZpzIVq0wu3L
1CdcTGfmei4qwbcKo3xfhh,Mind Is A Monster,2,hard-rock,Beware Of Darkness,31,29866,['modern hard rock'],Sketches And Meditations,0.493,0.892,0,1,-4.638,0.184,0.0129,6.19e-05,0.173,0.301,148.164,262806,4,4DGNqGOtNY9niSpCKwINyU,spotify:album:4g2EohTBCZGxaI753rra0K
7ltBF9xDE9Mu551KDtAyVi,Suicidal in Paradise,1,hard-rock,Beware Of Darkness,31,29866,['modern hard rock'],Sketches And Meditations,0.583,0.579,6,1,-9.43,0.162,0.0063,0.00019,0.134,0.658,184.021,269376,4,4DGNqGOtNY9niSpCKwINyU,spotify:album:4g2EohTBCZGxaI753rra0K
1fbzv0XRvk6SCUgGUwrdUo,Past Lives,2,hard-rock,Beware Of Darkness,31,29866,['modern hard rock'],Sketches And Meditations,0.71,0.686,9,0,-6.676,0.0331,0.0116,3.67e-06,0.109,0.274,131.002,265680,4,4DGNqGOtNY9niSpCKwINyU,spotify:album:4g2EohTBCZGxaI753rra0K
7spHO8N0ulsyMx8CbHwfDd,Chaos Emerald,4,hard-rock,Beware Of Darkness,31,29866,['modern hard rock'],Sketches And Meditations,0.376,0.805,5,0,-7.376,0.0858,0.000295,0.0109,0.219,0.321,149.523,188245,4,4DGNqGOtNY9niSpCKwINyU,spotify:album:4g2EohTBCZGxaI753rra0K
68ectY5J9UitBTRyOLhgWm,Without Sanctuary,3,hard-rock,Beware Of Darkness,31,29866,['modern hard rock'],Sketches And Meditations,0.51,0.491,0,1,-15.15,0.0464,0.000117,0.000448,0.332,0.182,139.905,208680,4,4DGNqGOtNY9niSpCKwINyU,spotify:album:4g2EohTBCZGxaI753rra0K
4LrOyrXuAAIE1DCdM501tu,Tess,3,hard-rock,Beware Of Darkness,31,29866,['modern hard rock'],Sketches And Meditations,0.427,0.888,7,1,-7.525,0.0519,0.000346,6.73e-05,0.334,0.763,116.093,164100,4,4DGNqGOtNY9niSpCKwINyU,spotify:album:4g2EohTBCZGxaI753rra0K
5QY03y5DGEH8RmY9ZmPUwg,Beware - Demo,1,hard-rock,Beware Of Darkness,31,29866,['modern hard rock'],Sketches And Meditations,0.524,0.492,9,0,-9.057,0.0344,0.000746,0.000494,0.316,0.188,138.115,227755,3,4DGNqGOtNY9niSpCKwINyU,spotify:album:4g2EohTBCZGxaI753rra0K
2HIZON9mvPAHNgN2ljlxz5,Guardian Angel,3,hard-rock,Beware Of Darkness,31,29866,['modern hard rock'],Sketches And Meditations,0.625,0.65,2,1,-7.445,0.0313,0.00768,1.22e-05,0.227,0.204,77.497,217872,4,4DGNqGOtNY9niSpCKwINyU,spotify:album:4g2EohTBCZGxaI753rra0K
6WogoWPwUCTk4H33ctt60z,Visions of A Garden,2,hard-rock,Beware Of Darkness,31,29866,['modern hard rock'],Sketches And Meditations,0.525,0.645,7,1,-14.85,0.0388,2.85e-05,0.317,0.101,0.434,100.592,277200,4,4DGNqGOtNY9niSpCKwINyU,spotify:album:4g2EohTBCZGxaI753rra0K
2Qd17JUl1gaNDWBuszncyO,Sugar In The Raw - Demo,1,hard-rock,Beware Of Darkness,31,29866,['modern hard rock'],Sketches And Meditations,0.683,0.651,2,1,-5.739,0.0346,0.0101,0.000112,0.121,0.344,120.025,243827,4,4DGNqGOtNY9niSpCKwINyU,spotify:album:4g2EohTBCZGxaI753rra0K
5D6AO7IYBguuiVJaJXPBPG,Howl - Eagle Rock Version,4,hard-rock,Beware Of Darkness,31,29866,['modern hard rock'],Sketches And Meditations,0.329,0.926,9,0,-5.483,0.123,0.00143,0.000446,0.392,0.318,93.28,272000,4,4DGNqGOtNY9niSpCKwINyU,spotify:album:4g2EohTBCZGxaI753rra0K
0wpQVPZhmUCtcO8Fn294f3,Ragdoll Blues,2,hard-rock,Beware Of Darkness,31,29866,['modern hard rock'],Sketches And Meditations,0.456,0.879,2,1,-7.093,0.106,5.76e-05,0.00285,0.105,0.617,103.199,216879,4,4DGNqGOtNY9niSpCKwINyU,spotify:album:4g2EohTBCZGxaI753rra0K
1F4mYF42ng8jFF0CnCZk4o,Sweet Girl - Home Recording,2,hard-rock,Beware Of Darkness,31,29866,['modern hard rock'],Sketches And Meditations,0.552,0.952,8,1,-6.279,0.126,0.00376,0.0,0.311,0.56,130.135,167552,4,4DGNqGOtNY9niSpCKwINyU,spotify:album:4g2EohTBCZGxaI753rra0K
6ugKAVhvpcqDLRPXLXw1ea,Bloodlines,3,hard-rock,Beware Of Darkness,31,29866,['modern hard rock'],Sketches And Meditations,0.548,0.713,2,1,-6.55,0.055,0.287,2.8e-05,0.214,0.354,84.844,147072,4,4DGNqGOtNY9niSpCKwINyU,spotify:album:4g2EohTBCZGxaI753rra0K
4whhy5tvp3gCTw408Yav17,Amen Amen - Eagle Rock Version,1,hard-rock,Beware Of Darkness,31,29866,['modern hard rock'],Sketches And Meditations,0.476,0.559,10,1,-8.376,0.0385,0.0378,3.81e-06,0.0983,0.341,125.971,220586,3,4DGNqGOtNY9niSpCKwINyU,spotify:album:4g2EohTBCZGxaI753rra0K
74m0lxcYI8F2oCpu5gdcuF,Muthafucka - Demo,1,hard-rock,Beware Of Darkness,31,29866,['modern hard rock'],Sketches And Meditations,0.382,0.65,7,1,-8.398,0.0493,0.00524,1.7e-06,0.747,0.261,103.38,210913,3,4DGNqGOtNY9niSpCKwINyU,spotify:album:4g2EohTBCZGxaI753rra0K
5TUNWYLwnBO9rQuODxja0d,Welcome Home,3,hard-rock,Beware Of Darkness,31,29866,['modern hard rock'],Sketches And Meditations,0.582,0.586,4,1,-8.445,0.0737,0.0122,5.12e-06,0.0705,0.554,150.089,197803,3,4DGNqGOtNY9niSpCKwINyU,spotify:album:4g2EohTBCZGxaI753rra0K
6AHv1kFkkrknyZfn3Pr60V,The Streets,1,hard-rock,Beware Of Darkness,31,29866,['modern hard rock'],Sketches And Meditations,0.398,0.8,9,0,-7.08,0.0492,0.000256,0.000793,0.35,0.559,93.987,163586,4,4DGNqGOtNY9niSpCKwINyU,spotify:album:4g2EohTBCZGxaI753rra0K
4r6Fg9QhEa5JD3WUkIdctY,Kingdom Will Come,4,hard-rock,Beware Of Darkness,31,29866,['modern hard rock'],Sketches And Meditations,0.545,0.802,4,1,-7.993,0.0346,0.0128,0.000604,0.0967,0.72,94.009,298752,4,4DGNqGOtNY9niSpCKwINyU,spotify:album:4g2EohTBCZGxaI753rra0K
23GQT2sBsTzWd7WYsaGf7U,Powerless,3,hard-rock,Beware Of Darkness,31,29866,['modern hard rock'],Sketches And Meditations,0.57,0.808,8,1,-6.115,0.0542,0.00107,0.00312,0.346,0.468,170.006,186567,4,4DGNqGOtNY9niSpCKwINyU,spotify:album:4g2EohTBCZGxaI753rra0K
58HyW9wjDEMXgmep9bxfAa,Let It Down,0,hard-rock,Beware Of Darkness,31,29866,['modern hard rock'],Sketches And Meditations,0.328,0.411,9,1,-11.231,0.0381,0.00109,0.000145,0.0938,0.176,137.144,244820,4,4DGNqGOtNY9niSpCKwINyU,spotify:album:4g2EohTBCZGxaI753rra0K
51YiLICFsj8j71zj0G7Sqe,Revelation Revelation,3,hard-rock,Beware Of Darkness,31,29866,['modern hard rock'],Sketches And Meditations,0.449,0.763,10,1,-8.377,0.0913,0.00032,0.000165,0.374,0.463,82.836,177154,4,4DGNqGOtNY9niSpCKwINyU,spotify:album:4g2EohTBCZGxaI753rra0K
2eMv5zttAwFvMi3YEmxVlO,Suicidal In Paradise B,1,hard-rock,Beware Of Darkness,31,29866,['modern hard rock'],Sketches And Meditations,0.508,0.748,7,1,-7.753,0.0405,0.00265,0.000109,0.109,0.253,71.785,210726,4,4DGNqGOtNY9niSpCKwINyU,spotify:album:4g2EohTBCZGxaI753rra0K
1uaq2tLaOWck5LS5Le9drB,True Love Is Dead,0,hard-rock,Beware Of Darkness,31,29866,['modern hard rock'],Sketches And Meditations,0.369,0.487,7,1,-8.411,0.0291,0.413,0.0336,0.0874,0.144,144.678,297728,3,4DGNqGOtNY9niSpCKwINyU,spotify:album:4g2EohTBCZGxaI753rra0K
3Cr3llfHliRKnMz6Mtizhd,Now Or Nowhere - Home Recording,0,hard-rock,Beware Of Darkness,31,29866,['modern hard rock'],Sketches And Meditations,0.529,0.633,8,1,-7.578,0.0313,0.31,0.258,0.162,0.405,78.498,246528,4,4DGNqGOtNY9niSpCKwINyU,spotify:album:4g2EohTBCZGxaI753rra0K
4Le5Df2ilTSP2tByTlEB0D,Coming Home,0,hard-rock,Beware Of Darkness,31,29866,['modern hard rock'],Sketches And Meditations,0.554,0.383,2,1,-10.429,0.05,0.0955,0.0,0.0841,0.167,72.498,182304,4,4DGNqGOtNY9niSpCKwINyU,spotify:album:4g2EohTBCZGxaI753rra0K
3DPAvar0nD683o0OWpZF8e,Angel - Demo,1,hard-rock,Beware Of Darkness,31,29866,['modern hard rock'],Sketches And Meditations,0.577,0.339,1,0,-10.726,0.0368,0.00375,0.0548,0.0943,0.158,84.911,200340,4,4DGNqGOtNY9niSpCKwINyU,spotify:album:4g2EohTBCZGxaI753rra0K
1HVURcLo7v7AaTPXtVzR2X,This Town,0,hard-rock,Beware Of Darkness,31,29866,['modern hard rock'],Sketches And Meditations,0.524,0.372,3,0,-6.824,0.03,0.261,0.0,0.115,0.0736,122.202,262792,3,4DGNqGOtNY9niSpCKwINyU,spotify:album:4g2EohTBCZGxaI753rra0K
5xoS4P1S3SRrrNAJ4QIXDU,The Higher Path,0,hard-rock,Beware Of Darkness,31,29866,['modern hard rock'],Sketches And Meditations,0.29,0.438,10,1,-8.776,0.0442,0.308,0.0,0.0995,0.141,90.954,230880,4,4DGNqGOtNY9niSpCKwINyU,spotify:album:4g2EohTBCZGxaI753rra0K
02X1R6f9KVFF6g6wfLkoP8,What's A Boy To Do - Demo,1,hard-rock,Beware Of Darkness,31,29866,['modern hard rock'],Sketches And Meditations,0.393,0.547,3,1,-10.092,0.0422,0.141,0.000617,0.0793,0.564,172.146,196944,3,4DGNqGOtNY9niSpCKwINyU,spotify:album:4g2EohTBCZGxaI753rra0K
3P2lmxGF1aaGcNlJoLDwo8,"Hope, Love & Everything",24,hard-rock,Angeline,7,1274,"['melodic hard rock', 'swedish melodic rock']","Hope, Love & Everything",0.452,0.676,9,1,-12.193,0.0394,1.41e-05,0.0,0.383,0.716,139.978,216429,4,7AuiuVXsnSGBZlpnINUCcb,spotify:album:6FgebpGVKG3jLyuTmGwpjW
3eMrEeilrJbgLIQIc9CocP,Space Truckin' - 2024 Remix,27,hard-rock,Deep Purple,63,5406693,"['album rock', 'classic rock', 'hard rock', 'metal', 'rock']",Machine Head (Super Deluxe),0.593,0.812,4,0,-8.453,0.0498,0.00101,0.879,0.234,0.739,129.828,273254,4,568ZhdwyaiCyOGJRtNYhWf,spotify:album:4ufVNYBWywTd6RJdYCtzE3
2EAu7bNuaBsNaeIKt4JSSH,Lazy - 2024 Remix,27,hard-rock,Deep Purple,63,5406693,"['album rock', 'classic rock', 'hard rock', 'metal', 'rock']",Machine Head (Super Deluxe),0.477,0.768,1,1,-9.135,0.0544,0.141,0.653,0.111,0.347,94.382,441493,4,568ZhdwyaiCyOGJRtNYhWf,spotify:album:4ufVNYBWywTd6RJdYCtzE3
0tWAhaZYrfjR7RERePtTk0,Smoke on the Water - 2024 Remaster,27,hard-rock,Deep Purple,63,5406693,"['album rock', 'classic rock', 'hard rock', 'metal', 'rock']",Machine Head (Super Deluxe),0.607,0.728,0,1,-8.347,0.0278,0.092,0.798,0.115,0.808,114.476,340056,4,568ZhdwyaiCyOGJRtNYhWf,spotify:album:4ufVNYBWywTd6RJdYCtzE3
57AMnjTvHfkJpDDmI36Ru5,"The Good, the Bad, and the Insane",14,hard-rock,Art of Anarchy,23,24535,"['modern hard rock', 'supergroup']",Let There Be Anarchy,0.366,0.933,7,1,-5.188,0.0678,0.00248,0.0265,0.125,0.271,119.91,359578,4,2BxchptQKbfrhPGx4QVpsI,spotify:album:7li3pBVONwk9Pbxzuy1SIO
5B4dnBWg97mzo5kvdIjiTj,The Tracker,27,hard-rock,Hawkwind,37,120871,"['canterbury scene', 'hard rock', 'proto-metal', 'protopunk', 'psychedelic rock', 'space rock']",Stories From Time And Space,0.312,0.64,0,1,-11.812,0.0369,0.0477,0.28,0.188,0.308,163.918,300400,4,2jK54ZlZhTF1TxygsVeR05,spotify:album:5Iu6IjH9ODoCrrSuNyerKu
1YTWXJTvhCt9sLF1Uvs5Rt,Pictures of Home - 2024 Remix,26,hard-rock,Deep Purple,63,5406693,"['album rock', 'classic rock', 'hard rock', 'metal', 'rock']",Machine Head (Super Deluxe),0.32,0.85,11,0,-8.879,0.0426,0.00236,0.43,0.633,0.883,73.732,305287,4,568ZhdwyaiCyOGJRtNYhWf,spotify:album:4ufVNYBWywTd6RJdYCtzE3
5vkHjagfua4nZGxjckXOEx,Armed & Dangerous,21,hard-rock,Issa,15,4855,"['hel', 'melodic hard rock', 'nightrun']",Armed & Dangerous,0.573,0.855,7,1,-5.61,0.0354,4.07e-05,0.0916,0.365,0.355,135.952,293514,4,1prTNhFzdg1YMl3DgPhTRZ,spotify:album:7qWl8VukGOOhmoy8C8h2Bx
0qEpP0Y3uBfE1wLvBiwUQ4,Till I Found You,27,hard-rock,Hawkwind,37,120871,"['canterbury scene', 'hard rock', 'proto-metal', 'protopunk', 'psychedelic rock', 'space rock']",Stories From Time And Space,0.339,0.857,0,0,-9.013,0.0592,0.0148,0.108,0.462,0.63,160.131,291933,4,2jK54ZlZhTF1TxygsVeR05,spotify:album:5Iu6IjH9ODoCrrSuNyerKu
4OOVtr82HorRt1O93We7O0,When a Blind Man Cries - 2024 Remix,25,hard-rock,Deep Purple,63,5406693,"['album rock', 'classic rock', 'hard rock', 'metal', 'rock']",Machine Head (Super Deluxe),0.467,0.36,11,0,-11.076,0.0285,0.163,0.00138,0.106,0.0939,130.633,211825,4,568ZhdwyaiCyOGJRtNYhWf,spotify:album:4ufVNYBWywTd6RJdYCtzE3
5YLheR5a7tXVGl376yqt2H,Pictures of Home - 2024 Remaster,25,hard-rock,Deep Purple,63,5406693,"['album rock', 'classic rock', 'hard rock', 'metal', 'rock']",Machine Head (Super Deluxe),0.455,0.914,7,1,-8.826,0.0659,0.0733,0.451,0.232,0.825,149.307,305761,4,568ZhdwyaiCyOGJRtNYhWf,spotify:album:4ufVNYBWywTd6RJdYCtzE3
6ZKawV3QEkfO5PtOKQyepN,Smoke on the Water - 2024 Remix,26,hard-rock,Deep Purple,63,5406693,"['album rock', 'classic rock', 'hard rock', 'metal', 'rock']",Machine Head (Super Deluxe),0.527,0.798,0,1,-8.622,0.037,0.128,0.622,0.14,0.786,114.512,369895,4,568ZhdwyaiCyOGJRtNYhWf,spotify:album:4ufVNYBWywTd6RJdYCtzE3
5kkQt2Qpkz60AsdUmVBZlw,Stargazers,24,hard-rock,Hawkwind,37,120871,"['canterbury scene', 'hard rock', 'proto-metal', 'protopunk', 'psychedelic rock', 'space rock']",Stories From Time And Space,0.329,0.624,2,1,-12.428,0.0427,0.0515,0.916,0.108,0.435,140.886,315600,4,2jK54ZlZhTF1TxygsVeR05,spotify:album:5Iu6IjH9ODoCrrSuNyerKu
5VTusz9yVlyxHqgBss0OyG,Never Before - 2024 Remix,24,hard-rock,Deep Purple,63,5406693,"['album rock', 'classic rock', 'hard rock', 'metal', 'rock']",Machine Head (Super Deluxe),0.545,0.677,11,0,-8.085,0.0348,0.0919,0.00697,0.0903,0.812,142.895,241255,4,568ZhdwyaiCyOGJRtNYhWf,spotify:album:4ufVNYBWywTd6RJdYCtzE3
1L8m1Nl7maquHuAI45GKbl,Dangerous Combination (feat. Kevin Cronin & REO Speedwagon),12,hard-rock,Jim Peterik And World Stage,7,1329,['melodic hard rock'],"Roots & Shoots, Vol. 1",0.509,0.871,2,1,-5.542,0.0523,0.0307,0.0,0.315,0.588,129.983,266080,4,2ZhzlGcrktVfwnDe8TPqIC,spotify:album:4TUhlu97IBQtzg1VO9GyZ3
1yMT6o5u4ofkkeZKNIsBtk,AGAIN AND AGAIN,8,hard-rock,SWANKY DANK,25,14116,"['anime rock', 'japanese pop punk', 'japanese post-hardcore', 'japanese punk rock']",AGAIN AND AGAIN,0.469,0.965,7,1,-4.07,0.109,6.58e-05,1.35e-06,0.303,0.47,101.063,157129,4,4l96NtYOUSEKXTUxsyKxtt,spotify:album:7B3fubQ44pEsiqS7BFSw1m
2svtvRP6DzxNskz56VxnmW,"Too Hot To Handle - Live At The Roundhouse, London, 2nd April 1977",17,hard-rock,UFO,51,564494,"['album rock', 'glam metal', 'hard rock', 'metal', 'progressive rock']","Too Hot to Handle (Live at the Roundhouse, 1977)",0.327,0.935,2,1,-6.697,0.123,0.00395,0.000152,0.948,0.339,132.853,287880,4,2Omy3P5hFZym7FKum1JA1s,spotify:album:3tG32hUAulMSyICOvI9Mh7
0DsTWNHz5vVYqW5zn9soju,"Lights Out - Live At The Roundhouse, London, 2nd April 1977",16,hard-rock,UFO,51,564494,"['album rock', 'glam metal', 'hard rock', 'metal', 'progressive rock']",Lights Out (2024 Remaster),0.334,0.975,11,0,-6.222,0.0842,0.000114,0.00589,0.976,0.266,77.571,318082,4,2Omy3P5hFZym7FKum1JA1s,spotify:album:1CDfQjUxPPszW6PrPUSbgY
13jMk82Cwb72NlfmNVP14b,Crash And Burn,15,hard-rock,Grand,10,1432,['melodic hard rock'],Second To None,0.608,0.784,1,0,-9.197,0.0314,0.000312,1.2e-05,0.0916,0.251,132.017,314500,4,3YLiE6RaKP5itTEEiPXYlP,spotify:album:1gDoz1Q7mkXoRlMxFfnkhE
3no2YqRaTrD8QHGBN6FEqA,Re-generate,24,hard-rock,Hawkwind,37,120871,"['canterbury scene', 'hard rock', 'proto-metal', 'protopunk', 'psychedelic rock', 'space rock']",Stories From Time And Space,0.339,0.533,2,0,-12.058,0.0369,0.0979,0.904,0.265,0.17,89.996,302600,4,2jK54ZlZhTF1TxygsVeR05,spotify:album:5Iu6IjH9ODoCrrSuNyerKu
3QZqTuhMl6DnebKNAkwbQP,Smoke on the Water - 2024 Remix,23,hard-rock,Deep Purple,63,5406693,"['album rock', 'classic rock', 'hard rock', 'metal', 'rock']",Smoke on the Water (2024 Remix),0.527,0.798,0,1,-8.622,0.037,0.128,0.622,0.14,0.786,114.512,369895,4,568ZhdwyaiCyOGJRtNYhWf,spotify:album:75DJqg9qYcKNp0WUQhIvlL
5DzvXAN4ZFmURHq92tSw4M,Frozen In Time,24,hard-rock,Hawkwind,37,120871,"['canterbury scene', 'hard rock', 'proto-metal', 'protopunk', 'psychedelic rock', 'space rock']",Stories From Time And Space,0.42,0.604,4,0,-10.821,0.0598,0.325,0.00044,0.115,0.275,79.996,205200,4,2jK54ZlZhTF1TxygsVeR05,spotify:album:5Iu6IjH9ODoCrrSuNyerKu
7aUNIWGPrtoseFigDPtu5t,"Gettin’ Ready - Live At The Roundhouse, London, 2nd April 1977",15,hard-rock,UFO,51,564494,"['album rock', 'glam metal', 'hard rock', 'metal', 'progressive rock']",Lights Out (2024 Remaster),0.423,0.943,2,1,-6.229,0.0779,0.00161,2.71e-06,0.772,0.299,124.67,231053,4,2Omy3P5hFZym7FKum1JA1s,spotify:album:1CDfQjUxPPszW6PrPUSbgY
1TxqhZh4821Kj8arME0kc1,"Love To Love - Live At The Roundhouse, London, 2nd April 1977",15,hard-rock,UFO,51,564494,"['album rock', 'glam metal', 'hard rock', 'metal', 'progressive rock']",Lights Out (2024 Remaster),0.284,0.785,4,0,-7.172,0.0457,0.00696,0.0146,0.927,0.0934,126.763,458067,4,2Omy3P5hFZym7FKum1JA1s,spotify:album:1CDfQjUxPPszW6PrPUSbgY
09QyZK3ODk6dZ5uYqmUBX6,Highway Star - 2024 Remaster,22,hard-rock,Deep Purple,63,5406693,"['album rock', 'classic rock', 'hard rock', 'metal', 'rock']",Machine Head (Super Deluxe),0.274,0.901,7,1,-7.899,0.0631,0.0179,0.000866,0.126,0.421,173.547,367433,4,568ZhdwyaiCyOGJRtNYhWf,spotify:album:4ufVNYBWywTd6RJdYCtzE3
5VGHkwWcwt1MbmcNpB27Ig,"Doctor Doctor - Live At The Roundhouse, London, 2nd April 1977",15,hard-rock,UFO,51,564494,"['album rock', 'glam metal', 'hard rock', 'metal', 'progressive rock']",Lights Out (2024 Remaster),0.262,0.934,10,1,-6.614,0.0935,0.00157,0.000436,0.704,0.16,136.25,231680,4,2Omy3P5hFZym7FKum1JA1s,spotify:album:1CDfQjUxPPszW6PrPUSbgY
0O0HyuCHAWllq8JcLJVx6J,"Rock Bottom - Live At The Roundhouse, London, 2nd April 1977",13,hard-rock,UFO,51,564494,"['album rock', 'glam metal', 'hard rock', 'metal', 'progressive rock']",Lights Out (2024 Remaster),0.179,0.94,2,1,-6.867,0.114,0.00146,0.0446,0.961,0.307,76.311,587893,4,2Omy3P5hFZym7FKum1JA1s,spotify:album:1CDfQjUxPPszW6PrPUSbgY
0WqU0ELp6ZcWeVuaTcZXMY,Hawks & Hounds,6,hard-rock,The Quill,19,6078,"['deep melodic hard rock', 'retro metal', 'stoner rock']",Wheel Of Illusion,0.339,0.738,0,1,-6.774,0.0376,6.43e-06,0.00577,0.367,0.352,117.831,219587,1,3L1kx7ogwRPLWD2UjDsikj,spotify:album:07ViGVgh0LGSe0h0M20cW0
5f0bakdtCx2PjUrE71cfn9,"Too Hot To Handle - Live At The Roundhouse, London, 2nd April 1977",14,hard-rock,UFO,51,564494,"['album rock', 'glam metal', 'hard rock', 'metal', 'progressive rock']",Lights Out (2024 Remaster),0.327,0.935,2,1,-6.697,0.123,0.00395,0.000152,0.948,0.339,132.853,287880,4,2Omy3P5hFZym7FKum1JA1s,spotify:album:1CDfQjUxPPszW6PrPUSbgY
4js8aIVrCB8j1JniloCFxW,"On With The Action - Live At The Roundhouse, London, 2nd April 1977",14,hard-rock,UFO,51,564494,"['album rock', 'glam metal', 'hard rock', 'metal', 'progressive rock']",Lights Out (2024 Remaster),0.345,0.937,2,0,-6.189,0.0701,0.00109,2.93e-06,0.241,0.354,126.221,299000,4,2Omy3P5hFZym7FKum1JA1s,spotify:album:1CDfQjUxPPszW6PrPUSbgY
4UPVOpBlFgZf2m4cocA11i,"Hell, Fire And Damnation",16,hard-rock,Saxon,48,583002,"['glam metal', 'hard rock', 'metal', 'nwobhm', 'power metal']",There's Something In Roswell,0.403,0.932,4,0,-6.674,0.07,0.00031,4.37e-05,0.276,0.286,174.127,332787,4,71vVmHeNgCVSa5SVmfvscU,spotify:album:4i605Y8iIf7xTDVYGoVhSB
3x40zcSVAEKvRFLS6Ydbl3,"Try Me - Live At The Roundhouse, London, 2nd April 1977",13,hard-rock,UFO,51,564494,"['album rock', 'glam metal', 'hard rock', 'metal', 'progressive rock']",Lights Out (2024 Remaster),0.372,0.444,0,0,-9.912,0.029,0.385,2.42e-05,0.731,0.256,81.481,324320,4,2Omy3P5hFZym7FKum1JA1s,spotify:album:1CDfQjUxPPszW6PrPUSbgY
5Meti8yafkKx9NBpJmSfCk,"Shoot Shoot - Live At The Roundhouse, London, 2nd April 1977",12,hard-rock,UFO,51,564494,"['album rock', 'glam metal', 'hard rock', 'metal', 'progressive rock']",Lights Out (2024 Remaster),0.272,0.981,2,1,-6.252,0.0988,0.000188,2.33e-05,0.969,0.372,147.33,213160,4,2Omy3P5hFZym7FKum1JA1s,spotify:album:1CDfQjUxPPszW6PrPUSbgY
3rPnThh77bDzTe2ywjt4De,Into the Fire - Live in Montreux 1971,19,hard-rock,Deep Purple,63,5406693,"['album rock', 'classic rock', 'hard rock', 'metal', 'rock']",Into the Fire (Live in Montreux 1971),0.177,0.541,11,0,-10.328,0.0575,0.0953,5.42e-05,0.373,0.53,170.804,258453,4,568ZhdwyaiCyOGJRtNYhWf,spotify:album:1zQQG1wFHKSp8DoBouPcPw
5nkdBeCbbjOgf6suge1h3v,Lie-and-Black-and-White,10,hard-rock,"Not Secured, Loose Ends",22,8838,"['idol rock', 'j-pixie', 'japanese post-hardcore', 'kawaii metal']",OUROARBOROS,0.413,0.934,6,0,-3.681,0.0664,6.09e-05,0.000887,0.273,0.53,94.918,200480,4,5RqEh86PV3ZysqV7TCrfJV,spotify:album:1KoHq4HEKojPZ1jm0ucqSZ
7HXZleQSP6OwMh9X5Hpehr,Dust and Shade,10,hard-rock,Vertilizar,20,2880,"['austrian metal', 'christian hard rock']",Leave It All Behind,0.322,0.956,9,1,-3.867,0.0591,1.4e-05,0.162,0.322,0.246,84.883,223173,4,36mWpZpU8lKS4iQrBs0p6r,spotify:album:27HZCInr623ChwrEA0Kmho
5AqecoTzrqI4FpV04CZAoR,Get Up And Get Down [1979 Demo] - 2024 Remaster,13,hard-rock,Michael Schenker Group,40,204730,"['german hard rock', 'glam metal', 'hard rock', 'metal']",Is It Loud Enough? Michael Schenker Group: 1980-1983,0.547,0.914,11,0,-7.027,0.0709,0.00456,0.0,0.15,0.544,128.877,239293,4,5uSY4FF3dZMCVSkZslKCHi,spotify:album:7BT6ZNuvnzV0jiPYVtB2b8
3ssJzslfYWxaHGS9kZlmcC,Highway Star (Live 1972) - 2024 Remaster,19,hard-rock,Deep Purple,63,5406693,"['album rock', 'classic rock', 'hard rock', 'metal', 'rock']",Machine Head (Super Deluxe),0.268,0.82,7,1,-9.73,0.0625,0.00286,0.000933,0.794,0.356,91.716,461453,4,568ZhdwyaiCyOGJRtNYhWf,spotify:album:4ufVNYBWywTd6RJdYCtzE3
6TFxCmHhOOG7SmuuC1D0Yd,Maybe I'm a Leo - 2024 Remaster,18,hard-rock,Deep Purple,63,5406693,"['album rock', 'classic rock', 'hard rock', 'metal', 'rock']",Machine Head (Super Deluxe),0.621,0.568,5,1,-10.187,0.0245,0.33,0.185,0.19,0.849,86.434,291857,4,568ZhdwyaiCyOGJRtNYhWf,spotify:album:4ufVNYBWywTd6RJdYCtzE3
4IrKOi1Xp5ituobb30Sa0l,"Let It Roll - Live At The Roundhouse, London, 2nd April 1977",11,hard-rock,UFO,51,564494,"['album rock', 'glam metal', 'hard rock', 'metal', 'progressive rock']",Lights Out (2024 Remaster),0.232,0.938,9,1,-6.794,0.144,0.00197,0.029,0.828,0.229,133.14,307107,4,2Omy3P5hFZym7FKum1JA1s,spotify:album:1CDfQjUxPPszW6PrPUSbgY
4DU3g8mSjzqpDG1Kx50eV8,"This Kid’s - Live At The Roundhouse, London, 2nd April 1977",12,hard-rock,UFO,51,564494,"['album rock', 'glam metal', 'hard rock', 'metal', 'progressive rock']",Lights Out (2024 Remaster),0.25,0.92,2,1,-6.507,0.133,0.00321,0.000887,0.749,0.339,67.123,278160,4,2Omy3P5hFZym7FKum1JA1s,spotify:album:1CDfQjUxPPszW6PrPUSbgY
5KLLK4mpGEnXLcjiSd474a,Apocalypse,18,hard-rock,Kris Barras Band,30,16732,"['modern hard rock', 'nwocr']",Halo Effect (Piano & Acoustic Edition),0.539,0.927,10,0,-5.215,0.0927,0.000672,2.9e-06,0.213,0.549,112.007,188387,4,241MOvr69jR2U48FW5WbKv,spotify:album:1qytbYC7GxJH0Bk9M5aT9Z
4bvqG4P077HsUOTa2vXmmT,"Out In The Street - Live At The Roundhouse, London, 2nd April 1977",12,hard-rock,UFO,51,564494,"['album rock', 'glam metal', 'hard rock', 'metal', 'progressive rock']",Lights Out (2024 Remaster),0.267,0.86,2,1,-6.96,0.0838,0.0108,0.000217,0.963,0.24,132.385,324400,4,2Omy3P5hFZym7FKum1JA1s,spotify:album:1CDfQjUxPPszW6PrPUSbgY
40g2iBYOx0CIdwUnLFYkyr,Space Truckin' - 2024 Remaster,17,hard-rock,Deep Purple,63,5406693,"['album rock', 'classic rock', 'hard rock', 'metal', 'rock']",Machine Head (Super Deluxe),0.605,0.898,9,1,-8.498,0.0442,0.00562,0.718,0.182,0.726,129.493,272233,4,568ZhdwyaiCyOGJRtNYhWf,spotify:album:4ufVNYBWywTd6RJdYCtzE3
2sTvYk1pCpN8IWaN16njy6,Never Before - 2024 Remaster,17,hard-rock,Deep Purple,63,5406693,"['album rock', 'classic rock', 'hard rock', 'metal', 'rock']",Machine Head (Super Deluxe),0.586,0.768,11,0,-8.28,0.0442,0.128,0.0275,0.0907,0.875,142.811,239467,4,568ZhdwyaiCyOGJRtNYhWf,spotify:album:4ufVNYBWywTd6RJdYCtzE3
6633sLJT3H20CHIZ2JnGbF,"C’mon Everybody - Live At The Roundhouse, London, 2nd April 1977",11,hard-rock,UFO,51,564494,"['album rock', 'glam metal', 'hard rock', 'metal', 'progressive rock']",Lights Out (2024 Remaster),0.366,0.868,2,1,-7.794,0.118,0.0223,0.0225,0.638,0.339,141.401,513947,4,2Omy3P5hFZym7FKum1JA1s,spotify:album:1CDfQjUxPPszW6PrPUSbgY
0HLhs0a3hmYmgR8by1vTsg,Strange Kind of Woman (Live 1972) - 2024 Remaster,17,hard-rock,Deep Purple,63,5406693,"['album rock', 'classic rock', 'hard rock', 'metal', 'rock']",Machine Head (Super Deluxe),0.418,0.913,11,0,-9.367,0.0911,0.0264,0.000383,0.716,0.688,133.837,572773,4,568ZhdwyaiCyOGJRtNYhWf,spotify:album:4ufVNYBWywTd6RJdYCtzE3
7ivDy2L29U9PG9UjBVOufy,Lazy - 2024 Remaster,16,hard-rock,Deep Purple,63,5406693,"['album rock', 'classic rock', 'hard rock', 'metal', 'rock']",Machine Head (Super Deluxe),0.371,0.776,5,0,-9.786,0.0515,0.164,0.562,0.112,0.431,93.479,443256,4,568ZhdwyaiCyOGJRtNYhWf,spotify:album:4ufVNYBWywTd6RJdYCtzE3
3vFB1tN7ZWeEPMr63FbJQv,Smoke on the Water (Live 1972) - 2024 Remaster,16,hard-rock,Deep Purple,63,5406693,"['album rock', 'classic rock', 'hard rock', 'metal', 'rock']",Machine Head (Super Deluxe),0.424,0.779,5,1,-8.982,0.0862,0.18,0.00094,0.923,0.4,114.595,451880,4,568ZhdwyaiCyOGJRtNYhWf,spotify:album:4ufVNYBWywTd6RJdYCtzE3
0xNuVBRxx7xAIPA8l1ChBu,I Found Me (feat. Mark Mackay),6,hard-rock,Jim Peterik And World Stage,7,1329,['melodic hard rock'],"Roots & Shoots, Vol. 1",0.628,0.743,5,0,-6.949,0.0292,0.0763,0.0,0.288,0.404,112.012,252373,4,2ZhzlGcrktVfwnDe8TPqIC,spotify:album:4TUhlu97IBQtzg1VO9GyZ3
6rmkZ6Cg1ebe1EAot93DSi,Mend Fences (feat. Kelly Keagy),8,hard-rock,Jim Peterik And World Stage,7,1329,['melodic hard rock'],"Roots & Shoots, Vol. 1",0.506,0.797,7,0,-7.461,0.029,0.0126,0.000953,0.669,0.518,104.946,203813,4,2ZhzlGcrktVfwnDe8TPqIC,spotify:album:4TUhlu97IBQtzg1VO9GyZ3
7pd36FBWYA3gE0HGYaveLM,Last Dream Home (feat. Don Barnes),7,hard-rock,Jim Peterik And World Stage,7,1329,['melodic hard rock'],"Roots & Shoots, Vol. 1",0.613,0.711,9,1,-7.088,0.031,0.119,0.0,0.277,0.672,126.0,268520,4,2ZhzlGcrktVfwnDe8TPqIC,spotify:album:4TUhlu97IBQtzg1VO9GyZ3
1wpVbNAR2efKGpK51GPvDn,Speed King - Live in Montreux 1971,15,hard-rock,Deep Purple,63,5406693,"['album rock', 'classic rock', 'hard rock', 'metal', 'rock']",Machine Head (Super Deluxe),0.42,0.594,2,0,-13.43,0.0899,0.5,0.00948,0.191,0.363,110.933,539453,4,568ZhdwyaiCyOGJRtNYhWf,spotify:album:4ufVNYBWywTd6RJdYCtzE3
3e4X9rJFji2Pcfu74TVM7U,Maybe I'm a Leo (Live 1972) - 2024 Remaster,15,hard-rock,Deep Purple,63,5406693,"['album rock', 'classic rock', 'hard rock', 'metal', 'rock']",Machine Head (Super Deluxe),0.325,0.778,10,1,-8.777,0.0382,0.0387,0.00143,0.533,0.661,178.427,335933,4,568ZhdwyaiCyOGJRtNYhWf,spotify:album:4ufVNYBWywTd6RJdYCtzE3
1J0MczJ5iHNA1KMFw0kstD,Armed and Ready [As Featured in Guitar Hero: Metallica] - 2024 Remaster,12,hard-rock,Michael Schenker Group,40,204730,"['german hard rock', 'glam metal', 'hard rock', 'metal']",Is It Loud Enough? Michael Schenker Group: 1980-1983,0.35,0.912,9,1,-6.697,0.0423,7.3e-05,0.372,0.079,0.841,172.469,247893,4,5uSY4FF3dZMCVSkZslKCHi,spotify:album:7BT6ZNuvnzV0jiPYVtB2b8
4tN9NKyD8zpc4Qzgsa9C58,Space Truckin' (Live 1972) - 2024 Remaster,15,hard-rock,Deep Purple,63,5406693,"['album rock', 'classic rock', 'hard rock', 'metal', 'rock']",Machine Head (Super Deluxe),0.336,0.883,4,0,-10.112,0.15,0.00679,0.475,0.934,0.296,131.631,1331253,4,568ZhdwyaiCyOGJRtNYhWf,spotify:album:4ufVNYBWywTd6RJdYCtzE3
0VPrFdwzDlKvqkoFKBk9Dh,Forever & One,46,hard-rock,Helloween,54,1210205,"['german metal', 'german power metal', 'hard rock', 'metal', 'old school thrash', 'power metal', 'speed metal', 'symphonic metal', 'thrash metal']",Treasure Chest (Bonus Track Edition),0.171,0.725,8,0,-7.208,0.0461,0.0664,3.25e-06,0.339,0.395,188.187,233360,3,4pQN0GB0fNEEOfQCaWotsY,spotify:album:4um5eTePKJMcJGcyht5sNb
1AU27lcrfnnSP306ufTdBj,American Girl,3,hard-rock,Tom Petty and the Heartbreakers,65,2718732,"['album rock', 'classic rock', 'hard rock', 'heartland rock', 'mellow gold', 'rock', 'singer-songwriter', 'soft rock']",70s & 80s & 90s - Top 100 - Greatest Hits,0.552,0.823,2,1,-5.988,0.0332,0.445,0.000129,0.366,0.775,114.514,214733,4,4tX2TplrkIP4v05BNC903e,spotify:album:2M7Ur4jsGJVZFtIlQfxZHA
0Kjq5TtDxhCedMgINyk3bE,On And On [Rough Monitor Mix] - 2024 Remaster,10,hard-rock,Michael Schenker Group,40,204730,"['german hard rock', 'glam metal', 'hard rock', 'metal']",Is It Loud Enough? Michael Schenker Group: 1980-1983,0.44,0.823,0,1,-7.719,0.0749,0.261,0.446,0.115,0.394,138.278,343960,4,5uSY4FF3dZMCVSkZslKCHi,spotify:album:7BT6ZNuvnzV0jiPYVtB2b8
48uHu4IHef9CipiQjJbxZL,Lazy (Live 1972) - 2024 Remaster,15,hard-rock,Deep Purple,63,5406693,"['album rock', 'classic rock', 'hard rock', 'metal', 'rock']",Machine Head (Super Deluxe),0.345,0.84,7,0,-9.189,0.0825,0.0836,0.272,0.803,0.299,101.39,562267,4,568ZhdwyaiCyOGJRtNYhWf,spotify:album:4ufVNYBWywTd6RJdYCtzE3
0GDPqB3RWNp3Wzc0jMFx95,Never Before (Live 1972) - 2024 Remaster,14,hard-rock,Deep Purple,63,5406693,"['album rock', 'classic rock', 'hard rock', 'metal', 'rock']",Machine Head (Super Deluxe),0.459,0.736,11,0,-9.64,0.186,0.203,0.0,0.916,0.715,147.909,318200,4,568ZhdwyaiCyOGJRtNYhWf,spotify:album:4ufVNYBWywTd6RJdYCtzE3
29nPygpsVzakvNzroQUcuJ,Child in Time - Live in Montreux 1971,14,hard-rock,Deep Purple,63,5406693,"['album rock', 'classic rock', 'hard rock', 'metal', 'rock']",Machine Head (Super Deluxe),0.268,0.279,2,1,-14.316,0.0351,0.31,0.0269,0.425,0.148,106.262,1213440,4,568ZhdwyaiCyOGJRtNYhWf,spotify:album:4ufVNYBWywTd6RJdYCtzE3
3WLvt6qgwBukN1r0Zn7jqX,...And They Prayed On My Downfall,13,hard-rock,Santa Cruz,29,35787,"['finnish hard rock', 'new wave of glam metal', 'sleaze rock']",Modern Day Madman,0.487,0.966,10,0,-4.477,0.135,6.21e-05,1.47e-06,0.357,0.198,118.009,216307,4,1ZP10xzJoQljzTHiaU2Gri,spotify:album:3jHPUy4FTOVp0ZJe4BV8XL
7LRAwO7wa1jefYQgynj3t7,American Girl,3,hard-rock,Tom Petty and the Heartbreakers,65,2718732,"['album rock', 'classic rock', 'hard rock', 'heartland rock', 'mellow gold', 'rock', 'singer-songwriter', 'soft rock']",Feel Good Classic Rock,0.552,0.823,2,1,-5.988,0.0332,0.445,0.000129,0.366,0.775,114.514,214733,4,4tX2TplrkIP4v05BNC903e,spotify:album:18NM3NhJ6npKqoDhDFwAs4
6b4rz8kniVW2DcUwoSMKeu,Paint It Black - Live in Montreux 1971,13,hard-rock,Deep Purple,63,5406693,"['album rock', 'classic rock', 'hard rock', 'metal', 'rock']",Machine Head (Super Deluxe),0.24,0.351,9,1,-16.146,0.0629,0.496,0.507,0.121,0.125,95.705,314493,4,568ZhdwyaiCyOGJRtNYhWf,spotify:album:4ufVNYBWywTd6RJdYCtzE3
5pPIiGsAt8HQ3QEcbaWKMT,Into the Fire - Live in Montreux 1971,13,hard-rock,Deep Purple,63,5406693,"['album rock', 'classic rock', 'hard rock', 'metal', 'rock']",Machine Head (Super Deluxe),0.177,0.541,11,0,-10.328,0.0575,0.0953,5.42e-05,0.373,0.53,170.804,258453,4,568ZhdwyaiCyOGJRtNYhWf,spotify:album:4ufVNYBWywTd6RJdYCtzE3
5936lxqWBsNGOdVaKc7qti,Fear Of Letting Go,7,hard-rock,Kris Barras Band,30,16732,"['modern hard rock', 'nwocr']",Halo Effect (Piano & Acoustic Edition),0.488,0.85,0,0,-5.272,0.0584,0.0088,0.0,0.0636,0.596,140.025,222813,4,241MOvr69jR2U48FW5WbKv,spotify:album:1qytbYC7GxJH0Bk9M5aT9Z
1hbPJcOFhMiZagx9rBXpnW,Landslide,7,hard-rock,Kris Barras Band,30,16732,"['modern hard rock', 'nwocr']",Halo Effect (Piano & Acoustic Edition),0.496,0.818,0,0,-4.919,0.0454,0.00986,0.0,0.0934,0.396,143.96,229307,4,241MOvr69jR2U48FW5WbKv,spotify:album:1qytbYC7GxJH0Bk9M5aT9Z
2teYCKIWzQLuw1KJ7bOXzk,Savages,8,hard-rock,Kris Barras Band,30,16732,"['modern hard rock', 'nwocr']",Halo Effect (Piano & Acoustic Edition),0.386,0.761,0,0,-6.136,0.034,0.0107,1.63e-05,0.372,0.432,170.103,234773,4,241MOvr69jR2U48FW5WbKv,spotify:album:1qytbYC7GxJH0Bk9M5aT9Z
6S6fUl02WbSCuTRcu9Q5dV,Waste Away With Me,7,hard-rock,Kris Barras Band,30,16732,"['modern hard rock', 'nwocr']",Halo Effect (Piano & Acoustic Edition),0.537,0.86,7,0,-5.095,0.0764,0.00258,0.0,0.147,0.465,110.037,188413,4,241MOvr69jR2U48FW5WbKv,spotify:album:1qytbYC7GxJH0Bk9M5aT9Z
2sFPakieSDVrXHiVHgj1yz,With You,11,hard-rock,Kris Barras Band,30,16732,"['modern hard rock', 'nwocr']",Halo Effect (Piano & Acoustic Edition),0.496,0.866,0,0,-5.89,0.0467,0.00429,4.93e-06,0.149,0.437,92.506,223627,4,241MOvr69jR2U48FW5WbKv,spotify:album:1qytbYC7GxJH0Bk9M5aT9Z
6G5DVpV3YhXQwUs29FUR0F,Hourglass,9,hard-rock,Kris Barras Band,30,16732,"['modern hard rock', 'nwocr']",Halo Effect (Piano & Acoustic Edition),0.523,0.777,2,0,-5.126,0.0546,0.00141,0.0,0.0694,0.355,110.026,218093,3,241MOvr69jR2U48FW5WbKv,spotify:album:1qytbYC7GxJH0Bk9M5aT9Z
0QXo2c2sjucrOKJnWgpiiA,Fall To Fly,9,hard-rock,Kris Barras Band,30,16732,"['modern hard rock', 'nwocr']",Halo Effect (Piano & Acoustic Edition),0.484,0.858,8,1,-4.942,0.0527,0.000218,0.0,0.391,0.484,103.034,216507,4,241MOvr69jR2U48FW5WbKv,spotify:album:1qytbYC7GxJH0Bk9M5aT9Z
7HDSjRkTAAJvu5SkZJBOWF,Secrets,7,hard-rock,Kris Barras Band,30,16732,"['modern hard rock', 'nwocr']",Halo Effect (Piano & Acoustic Edition),0.49,0.845,5,1,-4.844,0.0622,0.00245,0.0,0.954,0.611,139.917,224173,4,241MOvr69jR2U48FW5WbKv,spotify:album:1qytbYC7GxJH0Bk9M5aT9Z
0cRaLMQgMbQITSquajYWAC,Reflections,8,hard-rock,Kris Barras Band,30,16732,"['modern hard rock', 'nwocr']",Halo Effect (Piano & Acoustic Edition),0.541,0.856,0,0,-5.189,0.0388,0.00696,0.0,0.148,0.566,112.048,208960,4,241MOvr69jR2U48FW5WbKv,spotify:album:1qytbYC7GxJH0Bk9M5aT9Z
0rlHdGUp142q1YZHcCXnQM,Unbreakable,8,hard-rock,Kris Barras Band,30,16732,"['modern hard rock', 'nwocr']",Halo Effect (Piano & Acoustic Edition),0.502,0.861,0,0,-4.602,0.0449,0.000328,0.0,0.347,0.401,105.111,171453,4,241MOvr69jR2U48FW5WbKv,spotify:album:1qytbYC7GxJH0Bk9M5aT9Z
5NnAD8ss9W7xwqv27Kszbc,Strange Kind of Woman - Live in Montreux 1971,12,hard-rock,Deep Purple,63,5406693,"['album rock', 'classic rock', 'hard rock', 'metal', 'rock']",Machine Head (Super Deluxe),0.308,0.537,9,1,-11.488,0.083,0.0203,0.00163,0.251,0.588,129.559,501293,4,568ZhdwyaiCyOGJRtNYhWf,spotify:album:4ufVNYBWywTd6RJdYCtzE3
15ZumWK0RnyNWvlmQVnnUt,Lucille (Live 1972) - 2024 Remaster,12,hard-rock,Deep Purple,63,5406693,"['album rock', 'classic rock', 'hard rock', 'metal', 'rock']",Machine Head (Super Deluxe),0.34,0.923,2,1,-8.663,0.0819,0.0153,0.0117,0.971,0.398,160.094,453947,4,568ZhdwyaiCyOGJRtNYhWf,spotify:album:4ufVNYBWywTd6RJdYCtzE3
1fevluFCfPMqWAgUl4hXki,Maybe I'm a Leo (Soundcheck) [Live 1972] - 2024 Remaster,11,hard-rock,Deep Purple,63,5406693,"['album rock', 'classic rock', 'hard rock', 'metal', 'rock']",Machine Head (Super Deluxe),0.492,0.758,5,1,-7.746,0.027,0.105,0.00441,0.0773,0.783,89.112,271986,4,568ZhdwyaiCyOGJRtNYhWf,spotify:album:4ufVNYBWywTd6RJdYCtzE3
41958h4wFeFbRZtk1M9wPd,Black Night - Live in Montreux 1971,12,hard-rock,Deep Purple,63,5406693,"['album rock', 'classic rock', 'hard rock', 'metal', 'rock']",Machine Head (Super Deluxe),0.211,0.743,2,1,-10.772,0.0557,0.0142,0.000856,0.955,0.474,142.032,467520,4,568ZhdwyaiCyOGJRtNYhWf,spotify:album:4ufVNYBWywTd6RJdYCtzE3
32q2fnWCxL5SP7Bf03LyMQ,Lucille - Live in Montreux 1971,11,hard-rock,Deep Purple,63,5406693,"['album rock', 'classic rock', 'hard rock', 'metal', 'rock']",Machine Head (Super Deluxe),0.367,0.521,7,1,-12.756,0.0736,0.0354,0.000193,0.95,0.62,148.161,350257,4,568ZhdwyaiCyOGJRtNYhWf,spotify:album:4ufVNYBWywTd6RJdYCtzE3
6qWPxR03Jyde8qqw1Km1SK,Wring That Neck (Hard Road) - Live in Montreux 1971,12,hard-rock,Deep Purple,63,5406693,"['album rock', 'classic rock', 'hard rock', 'metal', 'rock']",Machine Head (Super Deluxe),0.295,0.378,7,0,-13.87,0.044,0.427,0.000608,0.548,0.26,84.713,1029160,4,568ZhdwyaiCyOGJRtNYhWf,spotify:album:4ufVNYBWywTd6RJdYCtzE3
6iuZAru9kkP64IVM89Vp6L,Unbreakable - Acoustic Version,7,hard-rock,Kris Barras Band,30,16732,"['modern hard rock', 'nwocr']",Halo Effect (Piano & Acoustic Edition),0.603,0.463,0,0,-7.283,0.0268,0.0876,0.0,0.191,0.555,92.937,197813,4,241MOvr69jR2U48FW5WbKv,spotify:album:1qytbYC7GxJH0Bk9M5aT9Z
4si7SQjBaX7nCGKJrZoq11,With You - Acoustic Version,7,hard-rock,Kris Barras Band,30,16732,"['modern hard rock', 'nwocr']",Halo Effect (Piano & Acoustic Edition),0.508,0.495,0,0,-6.628,0.0322,0.111,0.0,0.106,0.208,175.014,184083,4,241MOvr69jR2U48FW5WbKv,spotify:album:1qytbYC7GxJH0Bk9M5aT9Z
0uvmdL5gaE0K6e0dXsqwO2,Fire and Water (feat. Lisa McClowry & Dave Mikulskis),3,hard-rock,Jim Peterik And World Stage,7,1329,['melodic hard rock'],"Roots & Shoots, Vol. 1",0.434,0.67,7,1,-6.079,0.0316,0.151,0.0,0.11,0.455,146.029,257947,4,2ZhzlGcrktVfwnDe8TPqIC,spotify:album:4TUhlu97IBQtzg1VO9GyZ3
0CRV1C9rWYPnMH8RyOJYo1,Love Her Madly,2,hard-rock,The Doors,70,7752264,"['acid rock', 'album rock', 'classic rock', 'hard rock', 'psychedelic rock', 'rock']",70s Radio Hits,0.565,0.587,4,0,-7.393,0.0317,0.0573,0.00493,0.0416,0.966,147.462,198467,4,22WZ7M8sxp5THdruNY3gXt,spotify:album:39eidRWmvO59tkw2tZdUP1
7AVyK6PmBCTJdBKVXTx8sR,You and Me,0,hard-rock,Alice Cooper,60,3647196,"['album rock', 'classic rock', 'detroit rock', 'glam metal', 'glam rock', 'hard rock', 'metal', 'protopunk', 'rock']",Éxitos de los setenta,0.64,0.388,10,1,-11.521,0.0287,0.457,1.98e-06,0.0942,0.368,113.084,205973,4,3EhbVgyfGd7HkpsagwL9GS,spotify:album:3YR8P3PGMvOvVglx0aF456
0OeISgZiICt2NYAt5y5CCl,Easy,5,hard-rock,Faith No More,58,1793343,"['alternative metal', 'alternative rock', 'funk metal', 'funk rock', 'hard rock', 'nu metal', 'post-grunge', 'rap metal', 'rock']",70s & 80s & 90s - Top 100 - Greatest Hits,0.482,0.554,10,0,-6.743,0.0343,0.346,0.000355,0.112,0.374,124.687,186960,4,6GbCJZrI318Ybm8mY36Of5,spotify:album:2M7Ur4jsGJVZFtIlQfxZHA
1gdAqo6QOLJiAOhU6YGGpj,Pride and Joy,1,hard-rock,Stevie Ray Vaughan,59,2422695,"['album rock', 'blues', 'blues rock', 'classic rock', 'electric blues', 'hard rock', 'heartland rock', 'instrumental rock', 'rock', 'texas blues']",BBQ Classics,0.414,0.565,8,1,-14.241,0.0413,0.0206,0.00777,0.0941,0.749,126.264,220600,4,5fsDcuclIe8ZiBD5P787K1,spotify:album:6vzk2MkJ9QUnXoffyvd1fd
1VHN7adQhijituOxobbiBw,Come and get it,9,hard-rock,Autumn's Child,17,2020,['melodic hard rock'],Tellus Timeline,0.481,0.829,7,1,-7.354,0.0502,0.0035,1.69e-05,0.343,0.332,133.011,219600,4,7cSv1X4FZL2xH7No56NhFM,spotify:album:0f9aHC3PR0ebsHadH6oc7j
6HUWADXnhAXQHbKa5PqN3u,Me and Bobby McGee,4,hard-rock,Janis Joplin,59,3302385,"['album rock', 'classic rock', 'hard rock', 'psychedelic rock', 'rock', 'singer-songwriter']",Classic Rock BBQ,0.414,0.636,2,1,-6.932,0.0483,0.448,2.64e-05,0.126,0.612,93.073,268347,4,4NgfOZCL9Ml67xzM0xzIvC,spotify:album:4d7Q7Nm6828BUEr5pGTdDp
0CdovXG77ELO9C3LS1H7aV,Me and Bobby McGee,1,hard-rock,Janis Joplin,59,3302385,"['album rock', 'classic rock', 'hard rock', 'psychedelic rock', 'rock', 'singer-songwriter']",70s 80s 90s Summer Roadtrip,0.414,0.636,2,1,-6.932,0.0483,0.448,2.64e-05,0.126,0.612,93.073,268347,4,4NgfOZCL9Ml67xzM0xzIvC,spotify:album:3DuMYRWWFRd2ofFvJxX38I
6eCe3hwmtcjgoDcFnuHd9o,Shit and Lobster,11,hard-rock,Helloween,54,1210205,"['german metal', 'german power metal', 'hard rock', 'metal', 'old school thrash', 'power metal', 'speed metal', 'symphonic metal', 'thrash metal']",Treasure Chest (Bonus Track Edition),0.35,0.987,9,1,-4.568,0.0856,0.0761,0.0,0.186,0.212,160.924,250453,4,4pQN0GB0fNEEOfQCaWotsY,spotify:album:4um5eTePKJMcJGcyht5sNb
01toZkBFDqGkXZKKGmhDTt,Me and Bobby McGee,0,hard-rock,Janis Joplin,59,3302385,"['album rock', 'classic rock', 'hard rock', 'psychedelic rock', 'rock', 'singer-songwriter']",Summer Days Soundtrack,0.414,0.636,2,1,-6.932,0.0483,0.448,2.64e-05,0.126,0.612,93.073,268347,4,4NgfOZCL9Ml67xzM0xzIvC,spotify:album:6gN3MddZDyqJcxj9uPFKz3
4L9fY6klo6SOClPiO5KGvT,Never Before (Live 1972) - 2024 Remaster,7,hard-rock,Deep Purple,63,5406693,"['album rock', 'classic rock', 'hard rock', 'metal', 'rock']",Never Before (Live 1972) [2024 Remaster],0.459,0.736,11,0,-9.64,0.186,0.203,0.0,0.916,0.715,147.909,318200,4,568ZhdwyaiCyOGJRtNYhWf,spotify:album:2KRAjUGcX2k17k5KiTiugI
0gsCTCARS2Hf0yzoyOQL3n,As I Am (feat. Ashton Brooke GIll),5,hard-rock,Jim Peterik And World Stage,7,1329,['melodic hard rock'],"Roots & Shoots, Vol. 1",0.456,0.589,5,0,-6.966,0.0364,0.341,0.0,0.0968,0.282,144.146,286320,4,2ZhzlGcrktVfwnDe8TPqIC,spotify:album:4TUhlu97IBQtzg1VO9GyZ3
3wnUrNUArJ9ZPPY7jpYUtD,Forever's The Last Place You look (feat. Paul Childers),4,hard-rock,Jim Peterik And World Stage,7,1329,['melodic hard rock'],"Roots & Shoots, Vol. 1",0.589,0.708,5,1,-7.836,0.026,0.0683,0.0,0.0866,0.397,108.931,286400,4,2ZhzlGcrktVfwnDe8TPqIC,spotify:album:4TUhlu97IBQtzg1VO9GyZ3
5jxMgByogGe2zDr8p0MABS,Suddenly (feat Leslie Hunt),5,hard-rock,Jim Peterik And World Stage,7,1329,['melodic hard rock'],"Roots & Shoots, Vol. 1",0.494,0.723,5,1,-6.515,0.0286,0.0347,0.0,0.297,0.502,101.006,209480,4,2ZhzlGcrktVfwnDe8TPqIC,spotify:album:4TUhlu97IBQtzg1VO9GyZ3
271in4XQkiEse2eKfK8yec,Before Anyone Knows We're Gon (feat. Colin Peterik),5,hard-rock,Jim Peterik And World Stage,7,1329,['melodic hard rock'],"Roots & Shoots, Vol. 1",0.651,0.864,7,1,-7.384,0.0294,0.206,0.0,0.108,0.774,130.07,256653,4,2ZhzlGcrktVfwnDe8TPqIC,spotify:album:4TUhlu97IBQtzg1VO9GyZ3
5REFPhf8czoiBo446xneJ5,Friends Forever (feat. Mark Farner),3,hard-rock,Jim Peterik And World Stage,7,1329,['melodic hard rock'],"Roots & Shoots, Vol. 1",0.579,0.637,2,1,-7.266,0.0275,0.377,0.0,0.157,0.377,105.021,261533,3,2ZhzlGcrktVfwnDe8TPqIC,spotify:album:4TUhlu97IBQtzg1VO9GyZ3
6YyKGKl0FWtT5qIbXJTL5t,American Girl,0,hard-rock,Tom Petty and the Heartbreakers,65,2718732,"['album rock', 'classic rock', 'hard rock', 'heartland rock', 'mellow gold', 'rock', 'singer-songwriter', 'soft rock']","American Music - Country, Americana and More",0.552,0.823,2,1,-5.988,0.0332,0.445,0.000129,0.366,0.775,114.514,214733,4,4tX2TplrkIP4v05BNC903e,spotify:album:6nWGzQLMx4RXZFbwHTbDFc
0wni6mGGCRXXfmXBQmnZ9K,Wild Child,0,hard-rock,The Doors,70,7752264,"['acid rock', 'album rock', 'classic rock', 'hard rock', 'psychedelic rock', 'rock']",mood power and sexy,0.479,0.507,0,1,-13.132,0.0273,0.0423,0.00083,0.363,0.777,169.934,155493,4,22WZ7M8sxp5THdruNY3gXt,spotify:album:0oF7E2GGRQirUDl74GMiEg
2v1eXjnrGZ9VaDSSMxzdOH,Magnolia,1,hard-rock,Tom Petty and the Heartbreakers,65,2718732,"['album rock', 'classic rock', 'hard rock', 'heartland rock', 'mellow gold', 'rock', 'singer-songwriter', 'soft rock']",Seventies Soft Rock,0.63,0.765,6,0,-5.583,0.0298,0.118,0.0,0.0487,0.564,125.152,183400,4,4tX2TplrkIP4v05BNC903e,spotify:album:5US8jK48GKQCRGybLtGAQ0
5jAn6ghFlvicHTr7uS0DUN,Shadow People,0,hard-rock,Tom Petty and the Heartbreakers,65,2718732,"['album rock', 'classic rock', 'hard rock', 'heartland rock', 'mellow gold', 'rock', 'singer-songwriter', 'soft rock']",Country Americana,0.683,0.523,9,0,-7.743,0.0307,0.138,0.00379,0.0949,0.22,95.043,403160,4,4tX2TplrkIP4v05BNC903e,spotify:album:1jlz3I2YUzAGceWmy5rt4T
5cGUXA2S2YNGkic5BUYafY,Joe,0,hard-rock,Tom Petty and the Heartbreakers,65,2718732,"['album rock', 'classic rock', 'hard rock', 'heartland rock', 'mellow gold', 'rock', 'singer-songwriter', 'soft rock']",Rock Scene 00's,0.62,0.622,9,0,-3.003,0.0348,0.0201,0.0,0.355,0.66,135.676,195613,4,4tX2TplrkIP4v05BNC903e,spotify:album:6eJCXq66Ez8Kq9DyzQfFcS
0gb7HPQKsEuZriBgbAN9D5,American Girl,1,hard-rock,Tom Petty and the Heartbreakers,65,2718732,"['album rock', 'classic rock', 'hard rock', 'heartland rock', 'mellow gold', 'rock', 'singer-songwriter', 'soft rock']",70s Radio Hits,0.552,0.823,2,1,-5.988,0.0332,0.445,0.000129,0.366,0.775,114.514,214733,4,4tX2TplrkIP4v05BNC903e,spotify:album:39eidRWmvO59tkw2tZdUP1
3Vq45weG6pjm1GyMXwJQWs,Breakdown,6,hard-rock,Tom Petty and the Heartbreakers,65,2718732,"['album rock', 'classic rock', 'hard rock', 'heartland rock', 'mellow gold', 'rock', 'singer-songwriter', 'soft rock']",Happy Easter,0.625,0.35,9,0,-8.395,0.0436,0.398,6.76e-05,0.123,0.69,113.688,163893,4,4tX2TplrkIP4v05BNC903e,spotify:album:2uzCrj20eUlevRkTRZ3RY8
5LAE6GsWVm4oBcvjacrx8S,American Girl,1,hard-rock,Tom Petty and the Heartbreakers,65,2718732,"['album rock', 'classic rock', 'hard rock', 'heartland rock', 'mellow gold', 'rock', 'singer-songwriter', 'soft rock']",70's Rock Music,0.552,0.823,2,1,-5.988,0.0332,0.445,0.000129,0.366,0.775,114.514,214733,4,4tX2TplrkIP4v05BNC903e,spotify:album:6cYrpS36SXggoGT3EfHiC9
0Yyv1qnHIQQTMWKn8yA1nX,Breakdown,0,hard-rock,Tom Petty and the Heartbreakers,65,2718732,"['album rock', 'classic rock', 'hard rock', 'heartland rock', 'mellow gold', 'rock', 'singer-songwriter', 'soft rock']",Top 50 - Rock Hits,0.625,0.35,9,0,-8.395,0.0436,0.398,6.76e-05,0.123,0.69,113.688,163893,4,4tX2TplrkIP4v05BNC903e,spotify:album:36m5x71Vkdxd9HKXMIZD6v
0Jx1nWMZhQ4fcDPd0uTUdi,American Girl,1,hard-rock,Tom Petty and the Heartbreakers,65,2718732,"['album rock', 'classic rock', 'hard rock', 'heartland rock', 'mellow gold', 'rock', 'singer-songwriter', 'soft rock']",Perfect 70's Soft Rock,0.552,0.823,2,1,-5.988,0.0332,0.445,0.000129,0.366,0.775,114.514,214733,4,4tX2TplrkIP4v05BNC903e,spotify:album:0CzAJB476h13NSbXGy8REH
0pwpkch5Cxmwt3XlTKED8t,Light My Fire,0,hard-rock,The Doors,70,7752264,"['acid rock', 'album rock', 'classic rock', 'hard rock', 'psychedelic rock', 'rock']",Aries Season | Pop & Rock,0.413,0.725,3,0,-5.787,0.0324,0.369,2.17e-05,0.102,0.44,124.581,429760,4,22WZ7M8sxp5THdruNY3gXt,spotify:album:17Q4n7cCC6RyXM8p8BnMP1
5ZT2TbL3ytaVBznKE272qo,Snakes,0,hard-rock,Matt Mitchell & the Coldhearts,7,722,"['modern hard rock', 'nwocr']",Mission (Ultimate Edition),0.455,0.789,0,0,-5.969,0.0356,6.53e-05,0.00181,0.144,0.176,99.755,320640,4,59LOC00R1MyrgOiFiaW7lw,spotify:album:5laXM8lyhPomvucJawGa0r
3BoYJkA8XvQuKatVxVRDCg,Mission,1,hard-rock,Matt Mitchell & the Coldhearts,7,722,"['modern hard rock', 'nwocr']",Mission (Ultimate Edition),0.458,0.89,9,1,-5.876,0.0454,3.57e-05,0.00814,0.333,0.454,95.006,233120,4,59LOC00R1MyrgOiFiaW7lw,spotify:album:5laXM8lyhPomvucJawGa0r
6vHKj7XMUPPVqhy7qHvWPT,Where In The World,0,hard-rock,Matt Mitchell & the Coldhearts,7,722,"['modern hard rock', 'nwocr']",Mission (Ultimate Edition),0.48,0.763,0,1,-5.976,0.062,0.00015,0.0,0.17,0.271,127.988,186307,4,59LOC00R1MyrgOiFiaW7lw,spotify:album:5laXM8lyhPomvucJawGa0r
5nI8qKXQmyXUbJmbpsxyke,Someone New,0,hard-rock,Matt Mitchell & the Coldhearts,7,722,"['modern hard rock', 'nwocr']",Mission (Ultimate Edition),0.511,0.852,9,0,-6.55,0.0487,0.00047,0.000216,0.157,0.303,130.034,194480,4,59LOC00R1MyrgOiFiaW7lw,spotify:album:5laXM8lyhPomvucJawGa0r
495JfbNbM20rfy5r7R6vpV,Just Like I knew You Would,0,hard-rock,Matt Mitchell & the Coldhearts,7,722,"['modern hard rock', 'nwocr']",Mission (Ultimate Edition),0.364,0.925,0,1,-5.195,0.0603,0.00013,6.71e-05,0.0946,0.313,163.979,180547,4,59LOC00R1MyrgOiFiaW7lw,spotify:album:5laXM8lyhPomvucJawGa0r
2TO38fYkdwSE9FcwplhOZr,Sending Out My Love,0,hard-rock,Matt Mitchell & the Coldhearts,7,722,"['modern hard rock', 'nwocr']",Mission (Ultimate Edition),0.331,0.567,9,1,-6.201,0.03,0.000645,1.68e-06,0.0908,0.358,149.325,247853,3,59LOC00R1MyrgOiFiaW7lw,spotify:album:5laXM8lyhPomvucJawGa0r
2WHpm456kcc3eje6gYD8In,C'mon C'mon,0,hard-rock,Matt Mitchell & the Coldhearts,7,722,"['modern hard rock', 'nwocr']",Mission (Ultimate Edition),0.453,0.875,0,1,-5.593,0.0763,0.000754,1.02e-06,0.102,0.269,148.234,262573,4,59LOC00R1MyrgOiFiaW7lw,spotify:album:5laXM8lyhPomvucJawGa0r
1JRaZIxnZgJJWlWPX3mGOD,Home - Acoustic Version,0,hard-rock,Matt Mitchell & the Coldhearts,7,722,"['modern hard rock', 'nwocr']",Mission (Ultimate Edition),0.457,0.418,7,1,-9.674,0.0263,0.427,1.16e-06,0.327,0.286,132.958,219307,4,59LOC00R1MyrgOiFiaW7lw,spotify:album:5laXM8lyhPomvucJawGa0r
2sjiclu9PakiBNFlwmEdbV,Razor Tongue,1,hard-rock,Matt Mitchell & the Coldhearts,7,722,"['modern hard rock', 'nwocr']",Mission (Ultimate Edition),0.494,0.92,10,0,-5.858,0.0665,1.71e-05,0.0478,0.0831,0.565,76.526,214800,4,59LOC00R1MyrgOiFiaW7lw,spotify:album:5laXM8lyhPomvucJawGa0r
4oOm89eSkUaGjOdg5M1qQz,It's Only Rock'n'Roll (After All),0,hard-rock,Matt Mitchell & the Coldhearts,7,722,"['modern hard rock', 'nwocr']",Mission (Ultimate Edition),0.401,0.694,0,1,-7.051,0.0364,0.00038,0.00327,0.162,0.319,148.163,269560,4,59LOC00R1MyrgOiFiaW7lw,spotify:album:5laXM8lyhPomvucJawGa0r
4SJ359xCoTWbo3g5pmTvr2,Don't You Think It's Time,0,hard-rock,Matt Mitchell & the Coldhearts,7,722,"['modern hard rock', 'nwocr']",Mission (Ultimate Edition),0.376,0.623,2,1,-7.586,0.0324,0.00013,0.00147,0.0969,0.231,169.952,233933,4,59LOC00R1MyrgOiFiaW7lw,spotify:album:5laXM8lyhPomvucJawGa0r
1NbJ71h6JAegpzxOrVYJ2r,Light My Fire - Radio Edit,2,hard-rock,The Doors,70,7752264,"['acid rock', 'album rock', 'classic rock', 'hard rock', 'psychedelic rock', 'rock']",60's Music,0.482,0.631,7,1,-10.406,0.0356,0.248,4.27e-05,0.11,0.73,129.595,173600,4,22WZ7M8sxp5THdruNY3gXt,spotify:album:5fMCvvZp3DZbtqfDIVxE0B
5izo47LP4dsMH1xLYn9ubk,Light My Fire - Radio Edit,1,hard-rock,The Doors,70,7752264,"['acid rock', 'album rock', 'classic rock', 'hard rock', 'psychedelic rock', 'rock']",Sixties,0.482,0.631,7,1,-10.406,0.0356,0.248,4.27e-05,0.11,0.73,129.595,173600,4,22WZ7M8sxp5THdruNY3gXt,spotify:album:32PbT1bPuw7MVG8ap6aDgD
3oOp1SAjBBDYOF1CBWCzWJ,Love Me Two Times,1,hard-rock,The Doors,70,7752264,"['acid rock', 'album rock', 'classic rock', 'hard rock', 'psychedelic rock', 'rock']",Clásicos de ayer y hoy,0.685,0.698,9,1,-6.219,0.0401,0.335,5e-06,0.122,0.835,133.007,195107,4,22WZ7M8sxp5THdruNY3gXt,spotify:album:55lkhrYlhfVELT5RvaA1VW
32dwHHnzMPu2IRElYJIVA9,Light My Fire - Radio Edit,2,hard-rock,The Doors,70,7752264,"['acid rock', 'album rock', 'classic rock', 'hard rock', 'psychedelic rock', 'rock']",60's Essentials,0.482,0.631,7,1,-10.406,0.0356,0.248,4.27e-05,0.11,0.73,129.595,173600,4,22WZ7M8sxp5THdruNY3gXt,spotify:album:2H598Eoxd8H0rPu80LRRT6
3MCJuVWDGKSjs4BE2o9Ozv,Light My Fire - Radio Edit,1,hard-rock,The Doors,70,7752264,"['acid rock', 'album rock', 'classic rock', 'hard rock', 'psychedelic rock', 'rock']",Feel Good Classic Rock,0.482,0.631,7,1,-10.406,0.0356,0.248,4.27e-05,0.11,0.73,129.595,173600,4,22WZ7M8sxp5THdruNY3gXt,spotify:album:18NM3NhJ6npKqoDhDFwAs4
6SPEW9vv7Xczq3nI0EVXSl,School’s Out,2,hard-rock,Alice Cooper,60,3647196,"['album rock', 'classic rock', 'detroit rock', 'glam metal', 'glam rock', 'hard rock', 'metal', 'protopunk', 'rock']",70s & 80s & 90s - Top 100 - Greatest Hits,0.292,0.745,5,1,-9.138,0.0463,0.0506,0.125,0.675,0.347,134.077,210107,4,3EhbVgyfGd7HkpsagwL9GS,spotify:album:2M7Ur4jsGJVZFtIlQfxZHA
6BcWcvrXLoispERcEkpOB7,Locomotive Breath,2,hard-rock,Jethro Tull,56,1846968,"['album rock', 'art rock', 'blues rock', 'classic rock', 'flute rock', 'folk rock', 'hard rock', 'progressive rock', 'psychedelic rock', 'rock', 'singer-songwriter', 'symphonic rock']",70s & 80s & 90s - Top 100 - Greatest Hits,0.614,0.565,11,0,-11.059,0.0563,0.103,0.0117,0.214,0.2,125.288,268907,4,6w6z8m4WXX7Tub4Rb6Lu7R,spotify:album:2M7Ur4jsGJVZFtIlQfxZHA
56dzQAuaf7784Lp9I8ouJc,Cold as Ice,2,hard-rock,Foreigner,67,3112486,"['album rock', 'classic rock', 'glam metal', 'hard rock', 'heartland rock', 'mellow gold', 'rock', 'soft rock']",70s & 80s & 90s - Top 100 - Greatest Hits,0.562,0.609,3,0,-7.063,0.0271,0.0264,0.0,0.17,0.512,130.753,200213,4,6IRouO5mvvfcyxtPDKMYFN,spotify:album:2M7Ur4jsGJVZFtIlQfxZHA
4G1Wd64s1aRJ0NCcDxQHzf,Feel like Makin’ Love - 2015 Remaster,1,hard-rock,Bad Company,55,1147663,"['album rock', 'classic rock', 'country rock', 'glam metal', 'hard rock', 'mellow gold', 'rock', 'singer-songwriter', 'soft rock', 'southern rock']",70s & 80s & 90s - Top 100 - Greatest Hits,0.533,0.546,7,1,-9.67,0.031,0.349,0.00343,0.633,0.758,85.357,314600,4,5AEG63ajney2BoDXi0Vb84,spotify:album:2M7Ur4jsGJVZFtIlQfxZHA
4Bvk5lpOb6dm23Pg9t6MH4,"Hello, I Love You - Adam Freeland Mix - Day Radio Edit",2,hard-rock,The Doors,70,7752264,"['acid rock', 'album rock', 'classic rock', 'hard rock', 'psychedelic rock', 'rock']",Rock para bailar,0.614,0.92,4,0,-5.206,0.0564,0.0556,0.0,0.333,0.743,129.967,216840,4,22WZ7M8sxp5THdruNY3gXt,spotify:album:58LROuVlvJNJmv4zXQ9CXF
7tCyvaHkKYM5UPeRwIVFCf,Black Night - Single Version; 2002 Remaster,0,hard-rock,Deep Purple,63,5406693,"['album rock', 'classic rock', 'hard rock', 'metal', 'rock']",70's Rock Music,0.495,0.865,9,1,-9.195,0.0812,0.0548,0.806,0.214,0.725,134.768,207453,4,568ZhdwyaiCyOGJRtNYhWf,spotify:album:6cYrpS36SXggoGT3EfHiC9
3WlJNiCQsjg7gyOFPxrP0Q,Introduction (Live 1972) - 2024 Remaster,0,hard-rock,Deep Purple,63,5406693,"['album rock', 'classic rock', 'hard rock', 'metal', 'rock']",Machine Head (Super Deluxe),0.553,0.61,0,1,-17.361,0.416,0.461,0.0,0.945,0.696,74.594,15187,4,568ZhdwyaiCyOGJRtNYhWf,spotify:album:4ufVNYBWywTd6RJdYCtzE3
0AQTn8CnHBzZQraEQZ1tLY,Smoke on the Water - Live; 2012 Remix,0,hard-rock,Deep Purple,63,5406693,"['album rock', 'classic rock', 'hard rock', 'metal', 'rock']",Top 50 - Rock Hits,0.423,0.762,5,1,-9.513,0.0838,0.229,0.000586,0.934,0.425,115.542,451880,4,568ZhdwyaiCyOGJRtNYhWf,spotify:album:36m5x71Vkdxd9HKXMIZD6v
44wSEXcRFl9sjeeMctgXnp,Take The Money And Run,0,hard-rock,Steve Miller Band,65,2969485,"['album rock', 'classic rock', 'hard rock', 'heartland rock', 'mellow gold', 'rock', 'singer-songwriter', 'soft rock']",Music From my Dad,0.575,0.648,0,1,-12.918,0.0465,0.0545,2.49e-06,0.151,0.836,99.224,170173,4,6QtGlUje9TIkLrgPZrESuk,spotify:album:7Cb3d4naAJPB67yacEW4gc
2IrDrmW3tDb6rpaVsDsext,American Girl,0,hard-rock,Tom Petty and the Heartbreakers,65,2718732,"['album rock', 'classic rock', 'hard rock', 'heartland rock', 'mellow gold', 'rock', 'singer-songwriter', 'soft rock']",Road Trip Songs,0.552,0.823,2,1,-5.988,0.0332,0.445,0.000129,0.366,0.775,114.514,214733,4,4tX2TplrkIP4v05BNC903e,spotify:album:71NwwM38n7lMJxsC5piqxE
0U1M28ZLEHGXrVOJeJHYK7,Fooled Again (I Don't Like It),0,hard-rock,Tom Petty and the Heartbreakers,65,2718732,"['album rock', 'classic rock', 'hard rock', 'heartland rock', 'mellow gold', 'rock', 'singer-songwriter', 'soft rock']",some seventies music,0.625,0.887,2,1,-5.512,0.0413,0.0908,7.45e-06,0.0333,0.585,104.492,230000,4,4tX2TplrkIP4v05BNC903e,spotify:album:25Ay6nfAYDsOakGgCKrXzV
2Q6zl63XylP1ijOpQhq5C4,American Girl,0,hard-rock,Tom Petty and the Heartbreakers,65,2718732,"['album rock', 'classic rock', 'hard rock', 'heartland rock', 'mellow gold', 'rock', 'singer-songwriter', 'soft rock']",70's Pop,0.552,0.823,2,1,-5.988,0.0332,0.445,0.000129,0.366,0.775,114.514,214733,4,4tX2TplrkIP4v05BNC903e,spotify:album:4jyozGbXvujS1nXvhgKHSU
3X2iGXCMTnno2DPavUfBlR,American Girl,0,hard-rock,Tom Petty and the Heartbreakers,65,2718732,"['album rock', 'classic rock', 'hard rock', 'heartland rock', 'mellow gold', 'rock', 'singer-songwriter', 'soft rock']",70s Best Pop,0.552,0.823,2,1,-5.988,0.0332,0.445,0.000129,0.366,0.775,114.514,214733,4,4tX2TplrkIP4v05BNC903e,spotify:album:4FCDAzB3TbqHz8pbutt6AO
2RjQTgz9HSVlEf7ORRzf8s,"The Wild One, Forever",0,hard-rock,Tom Petty and the Heartbreakers,65,2718732,"['album rock', 'classic rock', 'hard rock', 'heartland rock', 'mellow gold', 'rock', 'singer-songwriter', 'soft rock']",70s Music,0.578,0.642,7,1,-7.302,0.0241,0.719,2.13e-06,0.125,0.305,98.513,183400,4,4tX2TplrkIP4v05BNC903e,spotify:album:5lbAEkhDtbEqilden1uy5c
1xRld42L2EZO733cDHLfZK,Learning To Fly,0,hard-rock,Tom Petty and the Heartbreakers,65,2718732,"['album rock', 'classic rock', 'hard rock', 'heartland rock', 'mellow gold', 'rock', 'singer-songwriter', 'soft rock']",Baustelle Musik,0.654,0.805,0,1,-9.313,0.0296,0.144,0.000153,0.265,0.939,116.749,241933,4,4tX2TplrkIP4v05BNC903e,spotify:album:5DnsG8sGfFpTyEmvuSqeKa
0FcmBHHgHhttK8WPykyiTl,Between Sun & Moon,0,hard-rock,Rush,63,2268711,"['album rock', 'canadian metal', 'classic canadian rock', 'classic rock', 'hard rock', 'progressive rock', 'rock']",Eclipse Solar,0.512,0.931,7,1,-5.817,0.0473,5.69e-05,0.00275,0.148,0.479,121.996,277773,4,2Hkut4rAAyrQxRdof7FVJq,spotify:album:3aZ6D2XrnZZ87acDPZl8rW
2nuoir5M6A5UjgDG7UjRxE,You Make Me Real - 2017 Remaster,0,hard-rock,The Doors,70,7752264,"['acid rock', 'album rock', 'classic rock', 'hard rock', 'psychedelic rock', 'rock']",70s Music,0.453,0.79,0,1,-8.89,0.0285,0.509,0.0588,0.0694,0.967,144.311,175307,3,22WZ7M8sxp5THdruNY3gXt,spotify:album:5lbAEkhDtbEqilden1uy5c
1211WkERJZioYC1MhOQMrh,Break On Through (To the Other Side),0,hard-rock,The Doors,70,7752264,"['acid rock', 'album rock', 'classic rock', 'hard rock', 'psychedelic rock', 'rock']",Eclipse Solar,0.421,0.751,9,1,-9.584,0.0472,0.202,0.0,0.17,0.789,89.839,145867,4,22WZ7M8sxp5THdruNY3gXt,spotify:album:3aZ6D2XrnZZ87acDPZl8rW
70JBDpYY56ltlmtxauRhqQ,People Are Strange,0,hard-rock,The Doors,70,7752264,"['acid rock', 'album rock', 'classic rock', 'hard rock', 'psychedelic rock', 'rock']",Born in the year 1984 vol 2,0.7,0.467,4,0,-8.578,0.0376,0.685,0.0,0.315,0.763,119.287,130173,4,22WZ7M8sxp5THdruNY3gXt,spotify:album:3zQYzhEYa89N7x0be37jAu
72uFxsf1Gsvkw4EHnVlLPo,Break On Through (To the Other Side),0,hard-rock,The Doors,70,7752264,"['acid rock', 'album rock', 'classic rock', 'hard rock', 'psychedelic rock', 'rock']",Puro Rock Del Bueno,0.421,0.751,9,1,-9.584,0.0472,0.202,0.0,0.17,0.789,89.839,145867,4,22WZ7M8sxp5THdruNY3gXt,spotify:album:0TFY5XGjWeUZ5fkF88mAsW
4FOwJeiFTEd22uiNPnqD1G,"Hello, I Love You - Remastered",0,hard-rock,The Doors,70,7752264,"['acid rock', 'album rock', 'classic rock', 'hard rock', 'psychedelic rock', 'rock']",60's Rock Music,0.63,0.524,2,1,-13.34,0.0391,0.00921,0.0,0.0933,0.961,118.187,136173,4,22WZ7M8sxp5THdruNY3gXt,spotify:album:03moaKMWFpTZ9xyGaAALTS
3pXFxct565deCXy4zgkCdJ,Peace Frog,0,hard-rock,The Doors,70,7752264,"['acid rock', 'album rock', 'classic rock', 'hard rock', 'psychedelic rock', 'rock']",Happy Songs zum Umziehen,0.643,0.725,0,1,-7.457,0.0375,0.16,0.00321,0.345,0.814,112.547,178773,4,22WZ7M8sxp5THdruNY3gXt,spotify:album:1fBRUoHOjomfRwo6XyBC3N
65JTNbMePOP5cec1FggtIC,Light My Fire,0,hard-rock,The Doors,70,7752264,"['acid rock', 'album rock', 'classic rock', 'hard rock', 'psychedelic rock', 'rock']",Top Pop Best Number 1's,0.413,0.725,3,0,-5.787,0.0324,0.369,2.17e-05,0.102,0.44,124.581,429760,4,22WZ7M8sxp5THdruNY3gXt,spotify:album:1WqEjwTN21ay1bMWmCXjuO
0duoajGlVBiQ3llU7PfSLz,Riders on the Storm,1,hard-rock,The Doors,70,7752264,"['acid rock', 'album rock', 'classic rock', 'hard rock', 'psychedelic rock', 'rock']",Motivation - Rock,0.55,0.722,11,0,-11.729,0.0283,0.25,0.0129,0.11,0.716,103.886,434720,4,22WZ7M8sxp5THdruNY3gXt,spotify:album:0F7JeEuGtp6lhLPomp8K6M
04rq0We13JpIeQcEGI8mVG,Break It Up,0,hard-rock,Foreigner,67,3112486,"['album rock', 'classic rock', 'glam metal', 'hard rock', 'heartland rock', 'mellow gold', 'rock', 'soft rock']",Eighties Soft Rock Hits and More,0.516,0.779,3,0,-6.912,0.0355,0.026,1.71e-06,0.524,0.576,123.032,250747,4,6IRouO5mvvfcyxtPDKMYFN,spotify:album:6QGp5MhAHrCGd0WKCu7pMb
59O7k2RaRQ9XN1ZEqVNpZ7,Drive,0,hard-rock,The Cars,62,1788965,"['album rock', 'classic rock', 'hard rock', 'mellow gold', 'new romantic', 'new wave', 'new wave pop', 'permanent wave', 'power pop', 'rock', 'singer-songwriter', 'soft rock', 'synthpop']",Eighties Soft Rock Hits and More,0.583,0.689,6,1,-8.273,0.0292,0.104,0.00112,0.0994,0.458,111.347,234320,5,6DCIj8jNaNpBz8e5oKFPtp,spotify:album:6QGp5MhAHrCGd0WKCu7pMb
6iNiftyQA0fC3qTynsCgMB,Violence and Bloodshed,0,hard-rock,Manowar,53,979676,"['comic metal', 'hard rock', 'metal', 'power metal', 'speed metal', 'us power metal']",Metal Music,0.531,0.931,4,0,-14.807,0.067,0.000334,0.679,0.375,0.324,99.139,240573,4,4CzUzn54Cp9TQr6a7JIlMZ,spotify:album:1Dhcrbe08h8xczVVJhkX2h
22lKuJZglWEGte60F6iTG4,Layla - 40th Anniversary Version / 2010 Remastered,0,hard-rock,Derek & The Dominos,55,694612,"['album rock', 'blues', 'blues rock', 'british blues', 'classic rock', 'country rock', 'electric blues', 'folk rock', 'hard rock', 'heartland rock', 'mellow gold', 'psychedelic rock', 'rock', 'singer-songwriter']",pov: you go fishing with your dad,0.403,0.903,1,1,-3.88,0.0664,0.574,0.305,0.287,0.498,115.669,423840,4,2rc78XDH9zuJP6bm78lU8Z,spotify:album:7DIRtwZWZqf6JPdQvN7LwP
5r0O0NjUaijpJviOTBtIDr,"Easy - Live in Munich, Nov 9th, 1992",0,hard-rock,Faith No More,58,1793343,"['alternative metal', 'alternative rock', 'funk metal', 'funk rock', 'hard rock', 'nu metal', 'post-grunge', 'rap metal', 'rock']",Live in Concert - Rock & Pop,0.468,0.709,8,1,-8.195,0.052,0.0124,4.36e-05,0.986,0.271,65.73,191853,4,6GbCJZrI318Ybm8mY36Of5,spotify:album:0WzDOUkmCUDj6lWvxhFzfg
0p1MNnxEP1jvu4kIE5OYto,"Highway Star - [Live August 16, 1972, Osaka, Japan] [2014 Remaster]",0,hard-rock,Deep Purple,63,5406693,"['album rock', 'classic rock', 'hard rock', 'metal', 'rock']",Live in Concert - Rock,0.18,0.948,2,1,-5.888,0.174,4.48e-05,0.259,0.58,0.135,190.928,401440,4,568ZhdwyaiCyOGJRtNYhWf,spotify:album:7L6fF2LGEuokNTt8jwa19v
1hecKjF2qvSMVnuL0A7JFR,"Black Night - [Live August 17, 1972, Tokyo, Japan] [2014 Remaster]",0,hard-rock,Deep Purple,63,5406693,"['album rock', 'classic rock', 'hard rock', 'metal', 'rock']",Live in Concert - Rock,0.324,0.921,2,1,-7.291,0.255,0.000747,0.472,0.853,0.151,140.488,481880,4,568ZhdwyaiCyOGJRtNYhWf,spotify:album:7L6fF2LGEuokNTt8jwa19v
6KKvIKABhlrt5WQvKP9kky,"Smoke on the Water - [Live August 15, 1972, Osaka, Japan] [2014 Remaster]",0,hard-rock,Deep Purple,63,5406693,"['album rock', 'classic rock', 'hard rock', 'metal', 'rock']",Live in Concert - Rock,0.362,0.813,0,0,-7.166,0.0657,0.00374,0.2,0.14,0.267,119.481,438760,4,568ZhdwyaiCyOGJRtNYhWf,spotify:album:7L6fF2LGEuokNTt8jwa19v
1AT2idTGcwFbvL3Nt7ufMT,Young Girl,0,hard-rock,Blackfoot,40,352351,"['album rock', 'classic rock', 'country rock', 'hard rock', 'native american traditional', 'southern rock']",Eighties Soft Rock Hits and More,0.582,0.912,7,1,-6.223,0.0499,0.0457,2.42e-06,0.256,0.545,126.215,264307,4,10rzK0sLCXsUlDhl8ed0MV,spotify:album:6QGp5MhAHrCGd0WKCu7pMb
22ntQUMXkaUjMaq1uLMGvQ,18 and Life,0,hard-rock,Skid Row,59,2758998,"['album rock', 'glam metal', 'hard rock', 'metal', 'rock']",Eighties,0.457,0.794,1,0,-6.624,0.0298,0.000384,7.18e-05,0.131,0.354,90.439,231280,4,4opTS86dN9uO313J9CE8xg,spotify:album:3KUOlbBLguBwox1uT9VFRz
1xpYHhTpUNfju3YWFKlsDJ,Pride and Joy,0,hard-rock,Stevie Ray Vaughan,59,2422695,"['album rock', 'blues', 'blues rock', 'classic rock', 'electric blues', 'hard rock', 'heartland rock', 'instrumental rock', 'rock', 'texas blues']",BBQ Classics: Best of 70s 80s 90s,0.414,0.565,8,1,-14.241,0.0413,0.0206,0.00777,0.0941,0.749,126.264,220600,4,5fsDcuclIe8ZiBD5P787K1,spotify:album:2kEesqe4S3mXAo0Hr7uTPc
7oD1Bd8HDl8ftuJJaL5hao,Pride and Joy,0,hard-rock,Stevie Ray Vaughan,59,2422695,"['album rock', 'blues', 'blues rock', 'classic rock', 'electric blues', 'hard rock', 'heartland rock', 'instrumental rock', 'rock', 'texas blues']",Summer Roadtrip,0.414,0.565,8,1,-14.241,0.0413,0.0206,0.00777,0.0941,0.749,126.264,220600,4,5fsDcuclIe8ZiBD5P787K1,spotify:album:4hmBuL4BlCGwYDeK5cvzaJ
3GYCxPQdSDmUbZ01wbfv7x,Pride and Joy,0,hard-rock,Stevie Ray Vaughan,59,2422695,"['album rock', 'blues', 'blues rock', 'classic rock', 'electric blues', 'hard rock', 'heartland rock', 'instrumental rock', 'rock', 'texas blues']",Vintage Summer Hits,0.414,0.565,8,1,-14.241,0.0413,0.0206,0.00777,0.0941,0.749,126.264,220600,4,5fsDcuclIe8ZiBD5P787K1,spotify:album:5IkYFUNODWXwVgekXARzVV
0FFyyvGrGE2qB3tHbuMp3H,Tooth and Nail,0,hard-rock,Foreigner,67,3112486,"['album rock', 'classic rock', 'glam metal', 'hard rock', 'heartland rock', 'mellow gold', 'rock', 'soft rock']",Guitar Riffs: 80s,0.615,0.945,2,1,-6.374,0.0774,0.00809,9.14e-05,0.126,0.517,130.623,235200,4,6IRouO5mvvfcyxtPDKMYFN,spotify:album:6M8N9RysoYCC3MmKkhAr3O
1H5GFlJbpRo0IRlcOM8gyC,Tooth and Nail,0,hard-rock,Foreigner,67,3112486,"['album rock', 'classic rock', 'glam metal', 'hard rock', 'heartland rock', 'mellow gold', 'rock', 'soft rock']",Rock Scene 80's,0.581,0.966,2,1,-4.639,0.119,0.008,2.71e-05,0.108,0.395,130.642,237373,4,6IRouO5mvvfcyxtPDKMYFN,spotify:album:4iaoM5Tj4Wz1bzJO2zdIOG
6F6wHtPVs0onXajYNPVxGM,Sons And Lovers,0,hard-rock,Alcatrazz,28,64874,"['glam metal', 'hard rock', 'metal guitar', 'neo classical metal']",Best Of Alcatrazz,0.558,0.699,9,1,-10.235,0.0385,0.0375,3.03e-06,0.13,0.697,136.511,217640,4,1LLiPRA3oThhxVf7W7gXQZ,spotify:album:4IssBWa2X2YuHGhtaeqrIl
4M1Re6srg8W0zhBf267VT3,Me and Bobby McGee,0,hard-rock,Janis Joplin,59,3302385,"['album rock', 'classic rock', 'hard rock', 'psychedelic rock', 'rock', 'singer-songwriter']",Summer Serenity Songs,0.414,0.636,2,1,-6.932,0.0483,0.448,2.64e-05,0.126,0.612,93.073,268347,4,4NgfOZCL9Ml67xzM0xzIvC,spotify:album:5koCHiGmwR5fSgg024zCO5
5EDrhQRuossLssLiwB8FOv,Me and Bobby McGee,0,hard-rock,Janis Joplin,59,3302385,"['album rock', 'classic rock', 'hard rock', 'psychedelic rock', 'rock', 'singer-songwriter']",Chill Summer,0.414,0.636,2,1,-6.932,0.0483,0.448,2.64e-05,0.126,0.612,93.073,268347,4,4NgfOZCL9Ml67xzM0xzIvC,spotify:album:2yBMvjORYZVUbxEDldqz7P
2ZY4xkuxZHgT1EnEIcmnoo,Lace and Whiskey - Remix,0,hard-rock,Alice Cooper,60,3647196,"['album rock', 'classic rock', 'detroit rock', 'glam metal', 'glam rock', 'hard rock', 'metal', 'protopunk', 'rock']",70's Essentials,0.628,0.706,9,0,-10.571,0.0355,0.425,5.86e-06,0.235,0.828,131.03,193800,4,3EhbVgyfGd7HkpsagwL9GS,spotify:album:77Fx4l3VfxO8a8X9FVC5wh
7zKYVj2r82oOuHo6xVXeMm,Lights and Thunder,0,hard-rock,White Lion,49,902373,"['album rock', 'glam metal', 'hard rock']",Glam Metal,0.456,0.88,11,1,-7.763,0.0487,0.00216,0.0,0.0746,0.455,137.819,298307,4,3nLYJvqbEzs5kg2TlprxIG,spotify:album:5yiOqQMi74YyFJOtMpz7rC
5ZCXkbFdNcY5lVVvBj9RWM,Take The Money And Run,0,hard-rock,Steve Miller Band,65,2969485,"['album rock', 'classic rock', 'hard rock', 'heartland rock', 'mellow gold', 'rock', 'singer-songwriter', 'soft rock']",Rock Bangers,0.575,0.648,0,1,-12.918,0.0465,0.0545,2.49e-06,0.151,0.836,99.224,170173,4,6QtGlUje9TIkLrgPZrESuk,spotify:album:0CpcAIIu1Q9KiHEGE72yxG
3uq1u3gIPx6S8aY8amkPKe,Hell and High Water - Acoustic,0,hard-rock,Black Stone Cherry,51,580384,"['alternative metal', 'modern hard rock', 'post-grunge']",Beach Unplugged - Vibes,0.646,0.725,0,1,-5.382,0.0295,0.0795,2.2e-06,0.129,0.65,105.768,265227,4,6WMo39FU3nrpSz3qMgRKug,spotify:album:7AS0hEAjEMnfSdFTYcL2CD
55nqxXFrZRxxGV2jwfPFPm,Breakdown,0,hard-rock,Tom Petty and the Heartbreakers,65,2718732,"['album rock', 'classic rock', 'hard rock', 'heartland rock', 'mellow gold', 'rock', 'singer-songwriter', 'soft rock']","American Music - Country, Americana and More",0.625,0.35,9,0,-8.395,0.0436,0.398,6.76e-05,0.123,0.69,113.688,163893,4,4tX2TplrkIP4v05BNC903e,spotify:album:6nWGzQLMx4RXZFbwHTbDFc
5JItDqCy0hpwx9Xvh6WYbd,Wild Child,0,hard-rock,The Doors,70,7752264,"['acid rock', 'album rock', 'classic rock', 'hard rock', 'psychedelic rock', 'rock']",feliz and sexy,0.479,0.507,0,1,-13.132,0.0273,0.0423,0.00083,0.363,0.777,169.934,155493,4,22WZ7M8sxp5THdruNY3gXt,spotify:album:33vecy989tJ36EewhYetwJ
44ADrqmaiP63EHFQq4hw1A,Roadhouse Blues,0,hard-rock,The Doors,70,7752264,"['acid rock', 'album rock', 'classic rock', 'hard rock', 'psychedelic rock', 'rock']",feliz and sexy,0.623,0.633,9,1,-8.212,0.0304,0.336,4.6e-05,0.147,0.895,121.119,243827,4,22WZ7M8sxp5THdruNY3gXt,spotify:album:33vecy989tJ36EewhYetwJ
7HbrNrqUoNMzUS9OAdK317,Skin & Punk,2,hard-rock,No More Lies,3,574,"['italian hardcore', 'italian punk', 'punk rock italiano']",Il Cuore Della Bestia,0.372,0.999,2,1,-1.184,0.111,1.41e-05,0.003,0.438,0.533,161.927,85287,4,0gTYDsGM0Sa0Pw9med68WL,spotify:album:7yK77cesTt37eqM2pNTNzP
01ZU9wtzI48wfeVyZqC0q1,American Girl,0,hard-rock,Tom Petty and the Heartbreakers,65,2718732,"['album rock', 'classic rock', 'hard rock', 'heartland rock', 'mellow gold', 'rock', 'singer-songwriter', 'soft rock']",70s & 80s Greatest Hits,0.552,0.823,2,1,-5.988,0.0332,0.445,0.000129,0.366,0.775,114.514,214733,4,4tX2TplrkIP4v05BNC903e,spotify:album:0jDPmmWKtI1juL0SvNOUuE
34N3kgHjwPeFCZSl2bmLzr,Roadhouse Blues,0,hard-rock,The Doors,70,7752264,"['acid rock', 'album rock', 'classic rock', 'hard rock', 'psychedelic rock', 'rock']",mood power and sexy,0.623,0.633,9,1,-8.212,0.0304,0.336,4.6e-05,0.147,0.895,121.119,243827,4,22WZ7M8sxp5THdruNY3gXt,spotify:album:0oF7E2GGRQirUDl74GMiEg
5d2drbpuntDFzACWIfvZ20,American Girl,0,hard-rock,Tom Petty and the Heartbreakers,65,2718732,"['album rock', 'classic rock', 'hard rock', 'heartland rock', 'mellow gold', 'rock', 'singer-songwriter', 'soft rock']",Retro Machine,0.552,0.823,2,1,-5.988,0.0332,0.445,0.000129,0.366,0.775,114.514,214733,4,4tX2TplrkIP4v05BNC903e,spotify:album:5wLmq1tClrLP1NqDYhnhKk
6US1hfbRZfuYKztXf2VUbu,Listen to Her Heart,3,hard-rock,Tom Petty and the Heartbreakers,65,2718732,"['album rock', 'classic rock', 'hard rock', 'heartland rock', 'mellow gold', 'rock', 'singer-songwriter', 'soft rock']",Happy Easter,0.485,0.795,9,1,-7.088,0.0335,0.28,0.59,0.0726,0.424,127.871,183000,4,4tX2TplrkIP4v05BNC903e,spotify:album:2uzCrj20eUlevRkTRZ3RY8
1xtA6JOamkosnW8eWmHy2p,American Girl,0,hard-rock,Tom Petty and the Heartbreakers,65,2718732,"['album rock', 'classic rock', 'hard rock', 'heartland rock', 'mellow gold', 'rock', 'singer-songwriter', 'soft rock']",Pop Classics 70s,0.552,0.823,2,1,-5.988,0.0332,0.445,0.000129,0.366,0.775,114.514,214733,4,4tX2TplrkIP4v05BNC903e,spotify:album:0i4Zkx8mi63LfHRc1kKRty
3A3n7IFqjPeMpZe3TtS2B7,"The Wild One, Forever",0,hard-rock,Tom Petty and the Heartbreakers,65,2718732,"['album rock', 'classic rock', 'hard rock', 'heartland rock', 'mellow gold', 'rock', 'singer-songwriter', 'soft rock']",70's Essence,0.578,0.642,7,1,-7.302,0.0241,0.719,2.13e-06,0.125,0.305,98.513,183400,4,4tX2TplrkIP4v05BNC903e,spotify:album:3iDMvHiJwbjt7WbRZRAJhj
1Qr24ptOHCcbNiZUPwWOQJ,Swingin',0,hard-rock,Tom Petty and the Heartbreakers,65,2718732,"['album rock', 'classic rock', 'hard rock', 'heartland rock', 'mellow gold', 'rock', 'singer-songwriter', 'soft rock']",Rock Scene 90's,0.405,0.6,7,1,-5.599,0.0254,0.00465,2.27e-06,0.29,0.394,92.815,330307,4,4tX2TplrkIP4v05BNC903e,spotify:album:0SG7gWniebRy7RG8nfj30c
3OsvHzAcdz7wFRmq1DDKt7,American Girl,0,hard-rock,Tom Petty and the Heartbreakers,65,2718732,"['album rock', 'classic rock', 'hard rock', 'heartland rock', 'mellow gold', 'rock', 'singer-songwriter', 'soft rock']",Classic Summer BBQ 100 Songs,0.552,0.823,2,1,-5.988,0.0332,0.445,0.000129,0.366,0.775,114.514,214733,4,4tX2TplrkIP4v05BNC903e,spotify:album:1QnjCBYyegNxbhiZFflmvl
235xs1E21KaMFyef1MKzsE,First Flash of Freedom,0,hard-rock,Tom Petty and the Heartbreakers,65,2718732,"['album rock', 'classic rock', 'hard rock', 'heartland rock', 'mellow gold', 'rock', 'singer-songwriter', 'soft rock']",10's Rock Music,0.36,0.544,11,0,-8.402,0.0265,0.158,0.026,0.169,0.389,136.621,412693,3,4tX2TplrkIP4v05BNC903e,spotify:album:7tyOR9kBpm1onb2mOPQ5mu
2VygPh975waOE2DFp7zBUv,Learning To Fly,0,hard-rock,Tom Petty and the Heartbreakers,65,2718732,"['album rock', 'classic rock', 'hard rock', 'heartland rock', 'mellow gold', 'rock', 'singer-songwriter', 'soft rock']",Car Music,0.654,0.805,0,1,-9.313,0.0296,0.144,0.000153,0.265,0.939,116.749,241933,4,4tX2TplrkIP4v05BNC903e,spotify:album:1aTaj9F6WV15dWdzT7Bi5I
58fRfLPsuSkxMPV9pSj0wq,American Girl,0,hard-rock,Tom Petty and the Heartbreakers,65,2718732,"['album rock', 'classic rock', 'hard rock', 'heartland rock', 'mellow gold', 'rock', 'singer-songwriter', 'soft rock']",Top 50 - Rock Hits,0.552,0.823,2,1,-5.988,0.0332,0.445,0.000129,0.366,0.775,114.514,214733,4,4tX2TplrkIP4v05BNC903e,spotify:album:36m5x71Vkdxd9HKXMIZD6v
4kSG6UduI4D3e8wYSQpuv9,American Girl,0,hard-rock,Tom Petty and the Heartbreakers,65,2718732,"['album rock', 'classic rock', 'hard rock', 'heartland rock', 'mellow gold', 'rock', 'singer-songwriter', 'soft rock']",Seventies,0.552,0.823,2,1,-5.988,0.0332,0.445,0.000129,0.366,0.775,114.514,214733,4,4tX2TplrkIP4v05BNC903e,spotify:album:2wW0g7zzK2lINaLzrs4sp8
160I9nFcoTxWSBfTXaPlMS,American Girl,0,hard-rock,Tom Petty and the Heartbreakers,65,2718732,"['album rock', 'classic rock', 'hard rock', 'heartland rock', 'mellow gold', 'rock', 'singer-songwriter', 'soft rock']",Pop Throwbacks the 70's,0.552,0.823,2,1,-5.988,0.0332,0.445,0.000129,0.366,0.775,114.514,214733,4,4tX2TplrkIP4v05BNC903e,spotify:album:6RwSlaloResdefwvFfRATz
1sppV6KabYrszDw36d3CuA,American Girl,0,hard-rock,Tom Petty and the Heartbreakers,65,2718732,"['album rock', 'classic rock', 'hard rock', 'heartland rock', 'mellow gold', 'rock', 'singer-songwriter', 'soft rock']",70's Essentials,0.552,0.823,2,1,-5.988,0.0332,0.445,0.000129,0.366,0.775,114.514,214733,4,4tX2TplrkIP4v05BNC903e,spotify:album:77Fx4l3VfxO8a8X9FVC5wh
6171UPGMhqVoe08oF4NoXe,American Girl,1,hard-rock,Tom Petty and the Heartbreakers,65,2718732,"['album rock', 'classic rock', 'hard rock', 'heartland rock', 'mellow gold', 'rock', 'singer-songwriter', 'soft rock']",Éxitos de los 70 en Inglés,0.552,0.823,2,1,-5.988,0.0332,0.445,0.000129,0.366,0.775,114.514,214733,4,4tX2TplrkIP4v05BNC903e,spotify:album:6Bl8M59DtYzls7fJtiwUQ9
5JT3M87z2M55t59o6UKpPo,Anything That's Rock 'n' Roll,0,hard-rock,Tom Petty and the Heartbreakers,65,2718732,"['album rock', 'classic rock', 'hard rock', 'heartland rock', 'mellow gold', 'rock', 'singer-songwriter', 'soft rock']",Monsters of Power Pop,0.679,0.708,11,1,-5.427,0.0321,0.208,8.64e-06,0.338,0.951,126.974,144027,4,4tX2TplrkIP4v05BNC903e,spotify:album:1tDZqUcKrxgKkx4GCZIals
0InpiCvRqg1lGoTvveDOE5,American Girl,0,hard-rock,Tom Petty and the Heartbreakers,65,2718732,"['album rock', 'classic rock', 'hard rock', 'heartland rock', 'mellow gold', 'rock', 'singer-songwriter', 'soft rock']",hits forever 100 classics,0.552,0.823,2,1,-5.988,0.0332,0.445,0.000129,0.366,0.775,114.514,214733,4,4tX2TplrkIP4v05BNC903e,spotify:album:0ahnEbFSffpY6IwpqB5hFH
5wzw7iacy2iEOm8nsF2qFt,American Girl,0,hard-rock,Tom Petty and the Heartbreakers,65,2718732,"['album rock', 'classic rock', 'hard rock', 'heartland rock', 'mellow gold', 'rock', 'singer-songwriter', 'soft rock']",Solid Gold Hits,0.552,0.823,2,1,-5.988,0.0332,0.445,0.000129,0.366,0.775,114.514,214733,4,4tX2TplrkIP4v05BNC903e,spotify:album:6goViqG3nvycCbbUPR3dHL
1uiX5aOdYILILhpJdFqg2l,American Girl,0,hard-rock,Tom Petty and the Heartbreakers,65,2718732,"['album rock', 'classic rock', 'hard rock', 'heartland rock', 'mellow gold', 'rock', 'singer-songwriter', 'soft rock']",Game Day BBQ,0.552,0.823,2,1,-5.988,0.0332,0.445,0.000129,0.366,0.775,114.514,214733,4,4tX2TplrkIP4v05BNC903e,spotify:album:1bwximKUomgbkHyhCO4816
5Dw85TN9mUf1jXlMwLSmtz,American Girl,0,hard-rock,Tom Petty and the Heartbreakers,65,2718732,"['album rock', 'classic rock', 'hard rock', 'heartland rock', 'mellow gold', 'rock', 'singer-songwriter', 'soft rock']",Rock Scene 70's,0.552,0.823,2,1,-5.988,0.0332,0.445,0.000129,0.366,0.775,114.514,214733,4,4tX2TplrkIP4v05BNC903e,spotify:album:4VWxGhtRjc9GKvkjcNecJY
1zep6eq29xwWGDCGYzwf7y,American Girl,0,hard-rock,Tom Petty and the Heartbreakers,65,2718732,"['album rock', 'classic rock', 'hard rock', 'heartland rock', 'mellow gold', 'rock', 'singer-songwriter', 'soft rock']",70s Party,0.552,0.823,2,1,-5.988,0.0332,0.445,0.000129,0.366,0.775,114.514,214733,4,4tX2TplrkIP4v05BNC903e,spotify:album:2rFwBwxMkSxkBpDchOyl1J
6hWZ0qkViG0UGjLHKk2y1R,American Girl,0,hard-rock,Tom Petty and the Heartbreakers,65,2718732,"['album rock', 'classic rock', 'hard rock', 'heartland rock', 'mellow gold', 'rock', 'singer-songwriter', 'soft rock']",70's Best,0.552,0.823,2,1,-5.988,0.0332,0.445,0.000129,0.366,0.775,114.514,214733,4,4tX2TplrkIP4v05BNC903e,spotify:album:4LtJvHqhMCxk3W5JuMzkkh
7H7K7ssfBbVCijeFKLCSUZ,American Girl,0,hard-rock,Tom Petty and the Heartbreakers,65,2718732,"['album rock', 'classic rock', 'hard rock', 'heartland rock', 'mellow gold', 'rock', 'singer-songwriter', 'soft rock']",Hits in Your Head 100 Classics,0.552,0.823,2,1,-5.988,0.0332,0.445,0.000129,0.366,0.775,114.514,214733,4,4tX2TplrkIP4v05BNC903e,spotify:album:6CBd2dIXZgdDn6U8M26cFe
65Tpwp35fzgpLfWGDQCjbQ,Listen to Her Heart,0,hard-rock,Tom Petty and the Heartbreakers,65,2718732,"['album rock', 'classic rock', 'hard rock', 'heartland rock', 'mellow gold', 'rock', 'singer-songwriter', 'soft rock']",Family Time,0.485,0.795,9,1,-7.088,0.0335,0.28,0.59,0.0726,0.424,127.871,183000,4,4tX2TplrkIP4v05BNC903e,spotify:album:7xbFzn1uSkgT75KWrWOBZ1
5KEpC22v5twIGsYOC6aLuG,Lonesome Sundown,0,hard-rock,Tom Petty and the Heartbreakers,65,2718732,"['album rock', 'classic rock', 'hard rock', 'heartland rock', 'mellow gold', 'rock', 'singer-songwriter', 'soft rock']",Easy Pop 90s,0.601,0.382,9,1,-8.741,0.0312,0.315,3.96e-06,0.11,0.338,124.479,272027,4,4tX2TplrkIP4v05BNC903e,spotify:album:3z7HpFiZWfZs4eD7ekBWWA
2ZM326EUwYmMZR9EdnJVGz,You're Gonna Get It,0,hard-rock,Tom Petty and the Heartbreakers,65,2718732,"['album rock', 'classic rock', 'hard rock', 'heartland rock', 'mellow gold', 'rock', 'singer-songwriter', 'soft rock']",Pop en Inglés 1970 - 1979,0.705,0.65,9,0,-5.87,0.0244,0.151,0.00121,0.314,0.536,106.431,180960,4,4tX2TplrkIP4v05BNC903e,spotify:album:36SSRGoG9C6GgymvduUiTR
6vFxyvjHIYmMuGHQP0DSFF,Swingin',0,hard-rock,Tom Petty and the Heartbreakers,65,2718732,"['album rock', 'classic rock', 'hard rock', 'heartland rock', 'mellow gold', 'rock', 'singer-songwriter', 'soft rock']",Rock en Inglés 1990-1999,0.405,0.6,7,1,-5.599,0.0254,0.00465,2.27e-06,0.29,0.394,92.815,330307,4,4tX2TplrkIP4v05BNC903e,spotify:album:13FDoWgBQy6REdjrFOp1Rr
2VoWp55EUteafWpOCEpMBv,Under The Knife,2,hard-rock,Rise Against,68,2668772,"['alternative metal', 'chicago hardcore', 'chicago punk', 'hardcore punk', 'modern rock', 'post-grunge', 'punk']",Badass Vibe,0.573,0.984,10,0,-3.867,0.0668,0.000499,2.23e-06,0.0439,0.509,104.349,165187,4,6Wr3hh341P84m3EI8qdn9O,spotify:album:1pDsfigbIDAHNhbvKIOjob
36QXm4gly9JymKpprYV71y,Layla - 40th Anniversary Version / 2010 Remastered,1,hard-rock,Derek & The Dominos,55,694612,"['album rock', 'blues', 'blues rock', 'british blues', 'classic rock', 'country rock', 'electric blues', 'folk rock', 'hard rock', 'heartland rock', 'mellow gold', 'psychedelic rock', 'rock', 'singer-songwriter']",Mix: Rock Love Songs,0.403,0.903,1,1,-3.88,0.0664,0.574,0.305,0.287,0.498,115.669,423840,4,2rc78XDH9zuJP6bm78lU8Z,spotify:album:4FBEckLyAMAmAsCpmJ89rq
75UelCcp2rOUczVIukYs1B,Jacob's Ladder - Single Remix,0,hard-rock,Huey Lewis & The News,61,1579767,"['album rock', 'classic rock', 'hard rock', 'mellow gold', 'new romantic', 'new wave pop', 'rock', 'singer-songwriter', 'soft rock']",1987 Best of by uDiscover,0.66,0.846,10,1,-5.174,0.0315,0.00475,0.0,0.117,0.603,118.042,209453,4,7A9yZMTrFZcgEWAX2kBfK6,spotify:album:4S9t0uRtKpB6jkOiblBpwK
41ehWYTzfUNFQFhQMUNSAi,Hip To Be Square,0,hard-rock,Huey Lewis & The News,61,1579767,"['album rock', 'classic rock', 'hard rock', 'mellow gold', 'new romantic', 'new wave pop', 'rock', 'singer-songwriter', 'soft rock']",1987 Best of by uDiscover,0.659,0.757,9,1,-10.318,0.0342,0.00184,0.00035,0.0796,0.96,141.263,243800,4,7A9yZMTrFZcgEWAX2kBfK6,spotify:album:4S9t0uRtKpB6jkOiblBpwK
0zkPcaob3jTbXVFG7yBU2l,Doing It All For My Baby,0,hard-rock,Huey Lewis & The News,61,1579767,"['album rock', 'classic rock', 'hard rock', 'mellow gold', 'new romantic', 'new wave pop', 'rock', 'singer-songwriter', 'soft rock']",1987 Best of by uDiscover,0.378,0.604,0,1,-12.381,0.0322,0.257,0.0,0.238,0.8,91.68,219867,4,7A9yZMTrFZcgEWAX2kBfK6,spotify:album:4S9t0uRtKpB6jkOiblBpwK
3pg0L3MTg69so2hKuJLjsU,Roadhouse Blues,2,hard-rock,The Doors,70,7752264,"['acid rock', 'album rock', 'classic rock', 'hard rock', 'psychedelic rock', 'rock']",Country Blues & Whiskey,0.623,0.633,9,1,-8.212,0.0304,0.336,4.6e-05,0.147,0.895,121.119,243827,4,22WZ7M8sxp5THdruNY3gXt,spotify:album:3rlFjNkqbEoOt69nlSNGbM
6U12UNuvhRZj4ajBlgMsyk,Cold as Ice,0,hard-rock,Foreigner,67,3112486,"['album rock', 'classic rock', 'glam metal', 'hard rock', 'heartland rock', 'mellow gold', 'rock', 'soft rock']",70s & 80s Greatest Hits,0.562,0.609,3,0,-7.063,0.0271,0.0264,0.0,0.17,0.512,130.753,200213,4,6IRouO5mvvfcyxtPDKMYFN,spotify:album:0jDPmmWKtI1juL0SvNOUuE
6d4U5do21u4eNp04Y0Aoxu,Feel like Makin’ Love - 2015 Remaster,0,hard-rock,Bad Company,55,1147663,"['album rock', 'classic rock', 'country rock', 'glam metal', 'hard rock', 'mellow gold', 'rock', 'singer-songwriter', 'soft rock', 'southern rock']",70s & 80s Greatest Hits,0.533,0.546,7,1,-9.67,0.031,0.349,0.00343,0.633,0.758,85.357,314600,4,5AEG63ajney2BoDXi0Vb84,spotify:album:0jDPmmWKtI1juL0SvNOUuE
2ePsMlVAkhiJqdnLsLpges,Locomotive Breath,0,hard-rock,Jethro Tull,56,1846968,"['album rock', 'art rock', 'blues rock', 'classic rock', 'flute rock', 'folk rock', 'hard rock', 'progressive rock', 'psychedelic rock', 'rock', 'singer-songwriter', 'symphonic rock']",70s & 80s Greatest Hits,0.614,0.565,11,0,-11.059,0.0563,0.103,0.0117,0.214,0.2,125.288,268907,4,6w6z8m4WXX7Tub4Rb6Lu7R,spotify:album:0jDPmmWKtI1juL0SvNOUuE
69Ko1hZJEcWzcvKyFmnZJA,School’s Out,0,hard-rock,Alice Cooper,60,3647196,"['album rock', 'classic rock', 'detroit rock', 'glam metal', 'glam rock', 'hard rock', 'metal', 'protopunk', 'rock']",70s & 80s Greatest Hits,0.292,0.745,5,1,-9.138,0.0463,0.0506,0.125,0.675,0.347,134.077,210107,4,3EhbVgyfGd7HkpsagwL9GS,spotify:album:0jDPmmWKtI1juL0SvNOUuE
267ZZuVcFsCLvk5V4owtNO,Break On Through (To the Other Side),0,hard-rock,The Doors,70,7752264,"['acid rock', 'album rock', 'classic rock', 'hard rock', 'psychedelic rock', 'rock']",Gym Beast Mode Workout 2024,0.421,0.751,9,1,-9.584,0.0472,0.202,0.0,0.17,0.789,89.839,145867,4,22WZ7M8sxp5THdruNY3gXt,spotify:album:76lexQQMgbuQct2Fua1ywk
3OfsS8gNKZuxEBEUGmKJmT,People Are Strange,0,hard-rock,The Doors,70,7752264,"['acid rock', 'album rock', 'classic rock', 'hard rock', 'psychedelic rock', 'rock']",Chelita Godín,0.7,0.467,4,0,-8.578,0.0376,0.685,0.0,0.315,0.763,119.287,130173,4,22WZ7M8sxp5THdruNY3gXt,spotify:album:5YALLw9o6PkAaZKxiytZ6d
7MfO8NgA6q0XaL8fW1vn4n,Riders on the Storm,1,hard-rock,The Doors,70,7752264,"['acid rock', 'album rock', 'classic rock', 'hard rock', 'psychedelic rock', 'rock']",Éxitos de los 70 en Inglés,0.55,0.722,11,0,-11.729,0.0283,0.25,0.0129,0.11,0.716,103.886,434720,4,22WZ7M8sxp5THdruNY3gXt,spotify:album:6Bl8M59DtYzls7fJtiwUQ9
4xkTLcUtYfoYdSOg4eKDoI,Riders on the Storm,0,hard-rock,The Doors,70,7752264,"['acid rock', 'album rock', 'classic rock', 'hard rock', 'psychedelic rock', 'rock']",hits forever 100 classics,0.55,0.722,11,0,-11.729,0.0283,0.25,0.0129,0.11,0.716,103.886,434720,4,22WZ7M8sxp5THdruNY3gXt,spotify:album:0ahnEbFSffpY6IwpqB5hFH
0wLABWEFl80xpx8mmEmcQa,Riders on the Storm,1,hard-rock,The Doors,70,7752264,"['acid rock', 'album rock', 'classic rock', 'hard rock', 'psychedelic rock', 'rock']",Seventies,0.55,0.722,11,0,-11.729,0.0283,0.25,0.0129,0.11,0.716,103.886,434720,4,22WZ7M8sxp5THdruNY3gXt,spotify:album:2wW0g7zzK2lINaLzrs4sp8
1nQixhxVbyGFPhlFD3oPim,Light My Fire - Radio Edit,0,hard-rock,The Doors,70,7752264,"['acid rock', 'album rock', 'classic rock', 'hard rock', 'psychedelic rock', 'rock']",Éxitos de los 60 en Inglés,0.482,0.631,7,1,-10.406,0.0356,0.248,4.27e-05,0.11,0.73,129.595,173600,4,22WZ7M8sxp5THdruNY3gXt,spotify:album:7BqG8yjct7BdXT9HPyTWup
1JDQf5NDuIoedZvlXcQPwN,Break On Through (To the Other Side),1,hard-rock,The Doors,70,7752264,"['acid rock', 'album rock', 'classic rock', 'hard rock', 'psychedelic rock', 'rock']",THUNDER - ROCK HITS,0.421,0.751,9,1,-9.584,0.0472,0.202,0.0,0.17,0.789,89.839,145867,4,22WZ7M8sxp5THdruNY3gXt,spotify:album:5SGSRzfXpCLcxogPz08Kpl
3wKW5oHUqQuKVuyUTtMKC8,Break On Through (To the Other Side),0,hard-rock,The Doors,70,7752264,"['acid rock', 'album rock', 'classic rock', 'hard rock', 'psychedelic rock', 'rock']",Air Guitar Anthems,0.421,0.751,9,1,-9.584,0.0472,0.202,0.0,0.17,0.789,89.839,145867,4,22WZ7M8sxp5THdruNY3gXt,spotify:album:5tTjb9D0BzGpAFrxisSx75
7ogaGUsMreifOLgYvNAkp7,Roadhouse Blues,0,hard-rock,The Doors,70,7752264,"['acid rock', 'album rock', 'classic rock', 'hard rock', 'psychedelic rock', 'rock']",Rock Scene 70's,0.553,0.62,11,0,-8.859,0.0535,0.25,2.54e-05,0.969,0.628,123.983,353027,4,22WZ7M8sxp5THdruNY3gXt,spotify:album:4VWxGhtRjc9GKvkjcNecJY
5LiHQ6uDxgZ1QxRRI6Tcss,People Are Strange,0,hard-rock,The Doors,70,7752264,"['acid rock', 'album rock', 'classic rock', 'hard rock', 'psychedelic rock', 'rock']",Movie Tracks,0.7,0.467,4,0,-8.578,0.0376,0.685,0.0,0.315,0.763,119.287,130173,4,22WZ7M8sxp5THdruNY3gXt,spotify:album:6p1Vq5mrruuaw7BmMYrzE9
73Shcnwx5lqzPa3CK2GDXX,Love Her Madly,0,hard-rock,The Doors,70,7752264,"['acid rock', 'album rock', 'classic rock', 'hard rock', 'psychedelic rock', 'rock']",70's Rock Music,0.528,0.487,4,0,-11.358,0.035,0.0587,0.0111,0.0583,0.964,147.414,171027,4,22WZ7M8sxp5THdruNY3gXt,spotify:album:6cYrpS36SXggoGT3EfHiC9
3Zmai5vNH73DBr7lGqJa6S,Do It - 2017 Remaster,0,hard-rock,The Doors,70,7752264,"['acid rock', 'album rock', 'classic rock', 'hard rock', 'psychedelic rock', 'rock']",Sixties Rock,0.322,0.723,9,0,-10.644,0.0464,0.202,0.443,0.233,0.477,98.855,186160,4,22WZ7M8sxp5THdruNY3gXt,spotify:album:4EW920nOjKBCoqdM3QhNLg
5DKZPQY6IlQACo4J8Ab3o1,Light My Fire,0,hard-rock,The Doors,70,7752264,"['acid rock', 'album rock', 'classic rock', 'hard rock', 'psychedelic rock', 'rock']",Rock Party España,0.413,0.725,3,0,-5.787,0.0324,0.369,2.17e-05,0.102,0.44,124.581,429760,4,22WZ7M8sxp5THdruNY3gXt,spotify:album:3JHxv12N6e6CIVNtQ4VMng
4ZJOWs0DW5vlWi8kP0YypC,Light My Fire - Radio Edit,0,hard-rock,The Doors,70,7752264,"['acid rock', 'album rock', 'classic rock', 'hard rock', 'psychedelic rock', 'rock']",60s Best,0.482,0.631,7,1,-10.406,0.0356,0.248,4.27e-05,0.11,0.73,129.595,173600,4,22WZ7M8sxp5THdruNY3gXt,spotify:album:6XEyD3BzOexAi4DIPCkhnk
6r3avj9kC9hwyzok0gHwNm,Love Me Two Times,0,hard-rock,The Doors,70,7752264,"['acid rock', 'album rock', 'classic rock', 'hard rock', 'psychedelic rock', 'rock']",(Wait for your love),0.685,0.698,9,1,-6.219,0.0401,0.335,5e-06,0.122,0.835,133.007,195107,4,22WZ7M8sxp5THdruNY3gXt,spotify:album:431b4JnIW8oTZW25ls2UED
51cZqH5gbg7oL8Kk3TasXt,Light My Fire - Radio Edit,0,hard-rock,The Doors,70,7752264,"['acid rock', 'album rock', 'classic rock', 'hard rock', 'psychedelic rock', 'rock']",Sixties Rock,0.482,0.631,7,1,-10.406,0.0356,0.248,4.27e-05,0.11,0.73,129.595,173600,4,22WZ7M8sxp5THdruNY3gXt,spotify:album:4EW920nOjKBCoqdM3QhNLg
2NugVn6PeDIVxTOF3D8pza,Cruisin’ down the Highway,0,hard-rock,James Gang,45,366950,"['album rock', 'blues rock', 'classic rock', 'country rock', 'electric blues', 'folk rock', 'hard rock', 'heartland rock', 'mellow gold', 'southern rock']",Feel Good Classic Rock,0.498,0.764,9,1,-12.018,0.0496,0.00535,0.319,0.417,0.901,175.525,195453,4,5hfOHpGMsi8O3DA0ROLGqF,spotify:album:18NM3NhJ6npKqoDhDFwAs4
5ezb20DNGEW7ASoXTOW5OA,Cruisin’ down the Highway,0,hard-rock,James Gang,45,366950,"['album rock', 'blues rock', 'classic rock', 'country rock', 'electric blues', 'folk rock', 'hard rock', 'heartland rock', 'mellow gold', 'southern rock']",70's Rock Music,0.498,0.764,9,1,-12.018,0.0496,0.00535,0.319,0.417,0.901,175.525,195453,4,5hfOHpGMsi8O3DA0ROLGqF,spotify:album:6cYrpS36SXggoGT3EfHiC9
2Yt7quuLJB7DMs3My91W4G,Cruisin’ down the Highway,0,hard-rock,James Gang,45,366950,"['album rock', 'blues rock', 'classic rock', 'country rock', 'electric blues', 'folk rock', 'hard rock', 'heartland rock', 'mellow gold', 'southern rock']",Classic Summer BBQ 100 Songs,0.498,0.764,9,1,-12.018,0.0496,0.00535,0.319,0.417,0.901,175.525,195453,4,5hfOHpGMsi8O3DA0ROLGqF,spotify:album:1QnjCBYyegNxbhiZFflmvl
3p4cpzDKiH59L8aqIDNWiy,Black Night - Single Version; 2002 Remaster,0,hard-rock,Deep Purple,63,5406693,"['album rock', 'classic rock', 'hard rock', 'metal', 'rock']",Rock Scene 70's,0.495,0.865,9,1,-9.195,0.0812,0.0548,0.806,0.214,0.725,134.768,207453,4,568ZhdwyaiCyOGJRtNYhWf,spotify:album:4VWxGhtRjc9GKvkjcNecJY
3oOfN4jXEWMACT8XOZRj3Z,Highway Star - Live; 2012 Remix,0,hard-rock,Deep Purple,63,5406693,"['album rock', 'classic rock', 'hard rock', 'metal', 'rock']",Top 50 - Rock Hits,0.279,0.84,2,1,-8.598,0.0634,0.00458,0.00263,0.791,0.334,91.697,461453,4,568ZhdwyaiCyOGJRtNYhWf,spotify:album:36m5x71Vkdxd9HKXMIZD6v
